,artists,artist_id,artist_followers,artist_genres,artist_popularity,id track,name,popularity,duration ms,explicit,release date,release year,danceability,energy,key,loudness,mode,speechiness,acousticness,instrumentalness,liveness,valence,tempo,time signature
1607,Justin Bieber,1uNFoZAHBGtllmzznpCI3s,44606973.0,"['canadian pop', 'pop', 'post-teen pop']",100.0,01BlGnXpLuC0BjgUxVYZFb,Never Let You Go,58,264400,0,1/1/2010,2010,0.66,0.811,0,-4.852,1,0.0357,0.00141,1.17e-06,0.251,0.675,103.191,4
97,Justin Bieber,1uNFoZAHBGtllmzznpCI3s,44606973.0,"['canadian pop', 'pop', 'post-teen pop']",100.0,004sbHg1qMzdrDXdxJpkj1,Heartbreaker - Single Version,5,262840,0,4/2/2021,2021,0.568,0.517,6,-7.316,0,0.0894,0.146,0.0,0.343,0.578,104.441,4
2384,Justin Bieber,1uNFoZAHBGtllmzznpCI3s,44606973.0,"['canadian pop', 'pop', 'post-teen pop']",100.0,01TuObJVd7owWchVRuQbQw,#thatPOWER,70,279507,0,1/1/2013,2013,0.797,0.608,6,-6.096,0,0.0584,0.00112,7.66e-05,0.0748,0.402,127.999,4
2504,Justin Bieber,1uNFoZAHBGtllmzznpCI3s,44606973.0,"['canadian pop', 'pop', 'post-teen pop']",100.0,01W9YsgZlN5aVuKWD7F4ZN,Sorry,16,200787,0,4/9/2021,2021,0.679,0.748,0,-3.624,0,0.0385,0.0878,0.0,0.299,0.438,100.035,4
1798,Justin Bieber,1uNFoZAHBGtllmzznpCI3s,44606973.0,"['canadian pop', 'pop', 'post-teen pop']",100.0,01ger8hoR0K6zAStAad5Nt,Anyone,13,190779,0,4/2/2021,2021,0.686,0.538,2,-8.026,1,0.0345,0.181,3.13e-06,0.113,0.584,115.884,4
2559,Eminem,7dGJo4pcD2V6oG8kP0tJRR,43747833.0,"['detroit hip hop', 'hip hop', 'rap']",94.0,01xhMrdCefADl7HSttJaf7,Infinite,57,251707,1,11/12/1996,1996,0.637,0.862,10,-4.343,0,0.191,0.293,0.0,0.217,0.573,82.019,4
2230,Taylor Swift,06HL4z0CvFAxyc27GXpf02,38869193.0,"['pop', 'post-teen pop']",98.0,01QdEx6kFr78ZejhQtWR5m,Forever & Always (Piano Version) (Taylor’s Version),75,267833,0,4/9/2021,2021,0.546,0.273,9,-9.208,1,0.0308,0.819,0.0,0.137,0.271,118.753,4
2149,Queen,1dfeR4HaWDbWqFHLkxsg1d,33483326.0,"['classic rock', 'glam rock', 'rock']",89.0,01OkBP9VZeIxmtVkUNyGRe,"I'm In Love With My Car - Live, European Tour / 1979",29,121893,0,6/22/1979,1979,0.243,0.855,7,-9.089,1,0.083,0.00104,0.000103,0.532,0.326,156.241,3
3351,Queen,1dfeR4HaWDbWqFHLkxsg1d,33483326.0,"['classic rock', 'glam rock', 'rock']",89.0,02lvTeAFIIsOd0wVNoRkQ5,Who Needs You - Remastered 2011,40,186853,0,10/28/1977,1977,0.863,0.381,9,-12.823,1,0.0528,0.261,0.000277,0.202,0.906,120.645,4
3561,Queen,1dfeR4HaWDbWqFHLkxsg1d,33483326.0,"['classic rock', 'glam rock', 'rock']",89.0,02qVskBy5iJZcJD9kNYxhA,She Makes Me (Stormtrooper In Stilettos) - Remastered 2011,26,249200,0,11/8/1974,1974,0.46,0.534,2,-7.676,1,0.0257,0.175,0.000251,0.119,0.37,77.033,4
917,Queen,1dfeR4HaWDbWqFHLkxsg1d,33483326.0,"['classic rock', 'glam rock', 'rock']",89.0,00QAndVDVfNqNWYdWAhEan,Who Wants To Live Forever - Remastered 2011,50,295347,0,10/28/1991,1991,0.135,0.399,4,-8.67,0,0.0361,0.577,0.00104,0.115,0.0383,87.476,5
595,Queen,1dfeR4HaWDbWqFHLkxsg1d,33483326.0,"['classic rock', 'glam rock', 'rock']",89.0,00ITtxUozN0vifE2uYvtqn,Let Me Entertain You - Remastered 2011,40,181693,0,11/10/1978,1978,0.521,0.902,11,-4.826,0,0.197,0.0164,0.00105,0.737,0.592,104.708,4
2475,Bad Bunny,4q3ewBCX7sLwd24euuV69X,32244734.0,"['latin', 'reggaeton', 'trap latino']",98.0,01vHGJRvJ6EZW9KO8NtZpi,"Un Polvo (feat. Bad Bunny, Arcángel, Ñengo Flow & De La Ghetto)",62,306373,1,11/16/2016,2016,0.811,0.681,6,-4.715,0,0.0712,0.673,0.0,0.636,0.468,134.062,4
3464,Post Malone,246dkjvS1zLTtiykXe5h60,32167665.0,"['dfw rap', 'melodic rap', 'rap']",93.0,02opp1cycqiFNDpLd2o1J3,Big Lie,68,207680,1,12/9/2016,2016,0.442,0.684,6,-4.888,0,0.168,0.191,0.0,0.0725,0.218,170.861,4
1690,BTS,3Nrfpe0tUJi4K4DXYWgMUX,31623813.0,"['k-pop', 'k-pop boy group']",96.0,01dmH2IPkrLNWIMPNXlreE,Paradise,69,211224,0,5/18/2018,2018,0.519,0.828,5,-5.523,1,0.365,0.214,0.0,0.0571,0.929,139.413,4
422,BTS,3Nrfpe0tUJi4K4DXYWgMUX,31623813.0,"['k-pop', 'k-pop boy group']",96.0,00EpTcZPrp4vNv8aToYBpv,Mama,40,212253,0,10/10/2016,2016,0.544,0.744,5,-4.795,0,0.219,0.000222,1.66e-05,0.0796,0.437,185.996,4
1875,BTS,3Nrfpe0tUJi4K4DXYWgMUX,31623813.0,"['k-pop', 'k-pop boy group']",96.0,01hvI4BrrUbBuyIXewP4AD,If I Ruled the World,55,247450,0,9/11/2013,2013,0.744,0.725,7,-6.29,1,0.112,0.0434,0.0,0.296,0.73,95.983,4
1824,BTS,3Nrfpe0tUJi4K4DXYWgMUX,31623813.0,"['k-pop', 'k-pop boy group']",96.0,01gUlvzAPiwB9Ekq9kGVCM,Anpanman,72,232966,0,8/24/2018,2018,0.813,0.875,1,-2.92,0,0.0918,0.0237,0.0,0.288,0.756,99.004,4
788,The Weeknd,1Xyo4u8uXC1ZmMpatF05PJ,31308207.0,"['canadian contemporary r&b', 'canadian pop', 'pop']",96.0,00NAQYOP4AmWR549nnYJZu,Secrets,72,265600,0,11/25/2016,2016,0.664,0.771,0,-5.779,1,0.0533,0.0155,9.6e-06,0.46,0.763,109.945,4
3769,Ozuna,1i8SpTcr7yvPOmcqrbnVXY,27772492.0,"['latin', 'puerto rican pop', 'reggaeton', 'trap latino']",93.0,02wdwZ0ffTX0AAGYRNqMwF,Choka Choka (feat. Ozuna),53,223416,0,11/10/2017,2017,0.703,0.763,6,-5.038,0,0.0883,0.0122,3.82e-05,0.0935,0.622,173.957,4
3828,J Balvin,1vyhD5VmyZ7KMfW5gqLgo5,27286822.0,"['latin', 'reggaeton', 'reggaeton colombiano', 'trap latino']",95.0,02Y5oRA5BuObhf9hTrQxAT,Morado,0,200667,0,4/16/2021,2021,0.881,0.696,11,-3.838,0,0.0797,0.136,4.06e-05,0.0927,0.781,97.002,4
1200,J Balvin,1vyhD5VmyZ7KMfW5gqLgo5,27286822.0,"['latin', 'reggaeton', 'reggaeton colombiano', 'trap latino']",95.0,00x73KIpEbh1ZWpki3Yx67,Ay Vamos,15,226413,0,4/9/2021,2021,0.718,0.711,8,-5.746,0,0.11,0.157,5.52e-05,0.1,0.92,173.916,4
1639,J Balvin,1vyhD5VmyZ7KMfW5gqLgo5,27286822.0,"['latin', 'reggaeton', 'reggaeton colombiano', 'trap latino']",95.0,01CEOy139w9ZUZ8WsR48DP,Bobo,0,209600,0,4/14/2021,2021,0.799,0.896,10,-2.67,1,0.0937,0.107,5.11e-05,0.13,0.771,89.031,4
3364,Beyoncé,6vWDO969PvNqNYHIOW5v0m,27048881.0,"['dance pop', 'pop', 'post-teen pop', 'r&b']",88.0,02M6vucOvmRfMxTXDUwRXu,11-Jul,72,213507,0,11/24/2014,2014,0.747,0.705,9,-5.137,0,0.126,0.0128,0.0,0.126,0.56,136.024,4
2376,XXXTENTACION,15UsOTVnJzReFVN1VCnxy4,26747778.0,"['emo rap', 'miami hip hop']",92.0,01TnVDiet1DFTsyWKUKovl,NUMB,77,186268,0,3/16/2018,2018,0.414,0.416,11,-8.024,0,0.0251,0.1,0.179,0.131,0.196,159.91,4
3450,Selena Gomez,0C8ZW7ezQVs4URX5aX7Kqx,26692413.0,"['dance pop', 'pop', 'post-teen pop']",89.0,02oE4aGW0G35xHSlVnPk5g,Come & Get It,8,231413,0,4/9/2021,2021,0.552,0.783,7,-4.138,0,0.0504,0.00887,0.00026,0.0954,0.575,79.984,4
582,Selena Gomez,0C8ZW7ezQVs4URX5aX7Kqx,26692413.0,"['dance pop', 'pop', 'post-teen pop']",89.0,00ingny7xrBeCaa0Bn5SG4,I Want You To Know,45,240000,0,5/18/2015,2015,0.58,0.846,9,-2.876,0,0.0573,0.00537,6.62e-06,0.145,0.366,129.998,4
156,Arijit Singh,4YRxDV8wJFPHPTeXepOstw,26249666.0,"['desi pop', 'filmi', 'modern bollywood']",85.0,0072MKNpMeJNx8aRfTNfQW,Shaayraana,51,261439,0,6/6/2014,2014,0.604,0.665,2,-4.244,1,0.049,0.607,1.33e-05,0.0832,0.702,93.963,4
1492,Arijit Singh,4YRxDV8wJFPHPTeXepOstw,26249666.0,"['desi pop', 'filmi', 'modern bollywood']",85.0,018eOid2aGaPdxon7T6GsC,"Shayad (From ""Love Aaj Kal"")",68,247941,0,1/22/2020,2020,0.487,0.456,8,-7.144,1,0.0319,0.789,1.79e-06,0.141,0.348,136.088,4
573,Maluma,1r4hJ1h58CWwUQe3MxPuau,25073031.0,"['latin', 'reggaeton', 'reggaeton colombiano']",91.0,00Ia46AgCNfnXjzgH8PIKH,Latina (feat. Maluma),63,226739,0,5/31/2019,2019,0.826,0.713,9,-4.017,0,0.129,0.0748,0.0,0.331,0.75,102.071,4
1033,Maluma,1r4hJ1h58CWwUQe3MxPuau,25073031.0,"['latin', 'reggaeton', 'reggaeton colombiano']",91.0,00szcRmgqJGtqrfIUYkM1h,Más De La Una,69,236731,1,3/18/2021,2021,0.605,0.8,10,-3.018,1,0.312,0.518,0.000128,0.0763,0.732,92.284,4
2475,Maluma,1r4hJ1h58CWwUQe3MxPuau,25073031.0,"['latin', 'reggaeton', 'reggaeton colombiano']",91.0,01vHGJRvJ6EZW9KO8NtZpi,"Un Polvo (feat. Bad Bunny, Arcángel, Ñengo Flow & De La Ghetto)",62,306373,1,11/16/2016,2016,0.811,0.681,6,-4.715,0,0.0712,0.673,0.0,0.636,0.468,134.062,4
1482,Dua Lipa,6M2wZ9GZgrQXHCFfjv46we,24123468.0,"['dance pop', 'pop', 'uk pop']",95.0,017PF4Q3l4DBUiWoXk4OWT,Break My Heart,84,221820,0,3/27/2020,2020,0.73,0.729,4,-3.434,0,0.0883,0.167,1.39e-06,0.349,0.467,113.013,4
320,Daddy Yankee,4VMYDCV2IEDYJArk749S6m,22831280.0,"['latin', 'latin hip hop', 'reggaeton', 'trap latino', 'tropical']",91.0,00C97lUG7Y0TY0KLv7p32h,Sábado Rebelde,52,240267,0,2/24/2015,2015,0.771,0.905,6,-3.268,0,0.155,0.11,7.51e-06,0.656,0.858,163.981,4
2651,Daddy Yankee,4VMYDCV2IEDYJArk749S6m,22831280.0,"['latin', 'latin hip hop', 'reggaeton', 'trap latino', 'tropical']",91.0,01Zji3VZx2CvidKA7quYSi,Rompe,24,189040,1,4/2/2021,2021,0.687,0.806,1,-6.019,0,0.0549,0.0358,5.83e-06,0.0569,0.534,176.064,4
1277,Daddy Yankee,4VMYDCV2IEDYJArk749S6m,22831280.0,"['latin', 'latin hip hop', 'reggaeton', 'trap latino', 'tropical']",91.0,00yZRUcuVx4NZrEsxrKAtY,Lovumba,20,218520,0,4/9/2021,2021,0.73,0.939,11,-4.665,0,0.0532,0.0347,0.0,0.335,0.939,121.001,4
3751,Daddy Yankee,4VMYDCV2IEDYJArk749S6m,22831280.0,"['latin', 'latin hip hop', 'reggaeton', 'trap latino', 'tropical']",91.0,02VPMOfCJjN8YEvh5RQyET,Shaky Shaky - Remix,0,234560,0,4/14/2021,2021,0.813,0.786,6,-4.133,0,0.154,0.107,0.0,0.238,0.828,175.908,4
354,Calvin Harris,7CajNmpbOovFoOoasH2HaY,21562562.0,"['dance pop', 'edm', 'electro house', 'house', 'pop', 'pop dance', 'progressive house', 'uk dance']",87.0,00cxhG668jV6gU6VK2FUVI,Acceptable in the 80's,59,333680,0,6/18/2007,2007,0.787,0.808,7,-5.454,1,0.0511,0.0143,0.257,0.0466,0.942,127.99,4
3155,BLACKPINK,41MozSoPIsD1dJM0CLPjZF,20950428.0,"['k-pop', 'k-pop girl group']",87.0,02h4inVwwNX1cMuGCDtsgV,FOREVER YOUNG,63,237147,0,12/5/2018,2018,0.635,0.969,4,-1.088,1,0.0565,0.0816,0.0,0.0613,0.46,110.046,4
610,BLACKPINK,41MozSoPIsD1dJM0CLPjZF,20950428.0,"['k-pop', 'k-pop girl group']",87.0,00J8yszzb5PR6ZIvSBtg0Y,You Never Know,69,229202,0,10/2/2020,2020,0.527,0.462,5,-5.504,1,0.0494,0.227,0.0,0.164,0.334,144.573,4
3440,One Direction,4AK6F7OLvEQ5QYCBNiQWHq,20934285.0,"['boy band', 'pop', 'post-teen pop', 'talent show']",90.0,02O8hDaIJPEUHh9XEj0u76,Back For You,63,178440,0,11/12/2012,2012,0.569,0.911,2,-2.705,1,0.0772,0.0194,0.0,0.0925,0.51,160.054,4
3541,Guns N Roses],3qm84nBOXUEQ2vnTfUTTFC,20214651.0,"['glam metal', 'hard rock', 'rock']",83.0,02qcocP0CoY6Grr8Ue2GEf,"Knockin' On Heaven's Door - Live At The Marquee Club, London / 1987",35,299427,0,7/21/1987,1987,0.405,0.773,11,-8.499,1,0.0535,0.0542,0.225,0.658,0.338,72.483,4
3700,Guns N Roses],3qm84nBOXUEQ2vnTfUTTFC,20214651.0,"['glam metal', 'hard rock', 'rock']",83.0,02UGiF5MKosDZ1gp91oxgT,Sympathy For The Devil,55,455560,0,3/23/2004,2004,0.31,0.945,8,-6.714,1,0.168,0.0174,0.00751,0.211,0.25,108.399,4
2491,Twenty One Pilots,3YQKmKGau1PzlVlkL1iodx,20113453.0,"['modern rock', 'rock']",86.0,01vv2AjxgP4uUyb8waYO5Y,Morph,67,258853,0,10/5/2018,2018,0.734,0.607,8,-7.249,0,0.0806,0.0747,0.000577,0.0968,0.518,90.023,4
3876,Marília Mendonça,1yR65psqiazQpeM79CcGh8,19554042.0,['sertanejo'],83.0,02ZKDw25OeDJ4WDU7pOZso,Pot-Pourri: Amor Perfeito / Tô Fazendo Falta / As Quatro Estações - Ao Vivo,58,270017,0,12/7/2018,2018,0.551,0.753,9,-5.708,1,0.0625,0.643,0.0,0.83,0.492,169.952,4
1978,Demi Lovato,6S2OmqARrzebs0tKUEyXyp,19543911.0,"['dance pop', 'pop', 'post-teen pop']",89.0,01kkh9HwRkRGWVrq7cjwue,Carefully,46,191721,0,4/1/2021,2021,0.694,0.605,11,-5.621,1,0.0289,0.0756,7.54e-06,0.131,0.481,121.906,4
2570,The Beatles,3WrFJ7ztbogyGnTHbHJFl2,19214899.0,"['beatlesque', 'british invasion', 'classic rock', 'merseybeat', 'psychedelic rock', 'rock']",88.0,01xMiErR26kH1KCif6uEYI,I'll Cry Instead - Remastered 2009,47,105987,0,7/10/1964,1964,0.643,0.73,7,-6.859,1,0.0347,0.0917,0.0,0.253,0.96,96.711,4
2322,The Beatles,3WrFJ7ztbogyGnTHbHJFl2,19214899.0,"['beatlesque', 'british invasion', 'classic rock', 'merseybeat', 'psychedelic rock', 'rock']",88.0,01SfTM5nfCou5gQL70r6gs,Golden Slumbers - Remastered 2009,65,91760,0,9/26/1969,1969,0.419,0.152,0,-12.126,1,0.0277,0.326,0.0034,0.113,0.239,80.608,4
2175,The Beatles,3WrFJ7ztbogyGnTHbHJFl2,19214899.0,"['beatlesque', 'british invasion', 'classic rock', 'merseybeat', 'psychedelic rock', 'rock']",88.0,01p2T2WtAGVbjnNhNHZfiA,I Am The Walrus - Remastered 2009,41,275680,0,4/2/1973,1973,0.377,0.511,2,-11.887,1,0.0447,0.076,0.000334,0.6,0.662,87.614,4
864,The Beatles,3WrFJ7ztbogyGnTHbHJFl2,19214899.0,"['beatlesque', 'british invasion', 'classic rock', 'merseybeat', 'psychedelic rock', 'rock']",88.0,00oZhqZIQfL9P5CjOP6JsO,Tomorrow Never Knows - Remastered 2009,57,179547,0,8/5/1966,1966,0.38,0.829,5,-6.105,1,0.0405,8.4e-05,0.00208,0.342,0.0534,125.887,4
2641,The Beatles,3WrFJ7ztbogyGnTHbHJFl2,19214899.0,"['beatlesque', 'british invasion', 'classic rock', 'merseybeat', 'psychedelic rock', 'rock']",88.0,01zDLN3daHhDgsJhqY9QRn,Being For The Benefit Of Mr. Kite! - Speech From Before Take 1 / Take 4 And Speech At End,27,188320,0,5/26/1967,1967,0.602,0.302,0,-14.663,1,0.0606,0.495,6.1e-06,0.233,0.527,111.935,4
483,The Beatles,3WrFJ7ztbogyGnTHbHJFl2,19214899.0,"['beatlesque', 'british invasion', 'classic rock', 'merseybeat', 'psychedelic rock', 'rock']",88.0,00fyPXxe2SCBHnFwEO9Eh1,Across The Universe - Take 2 / Anthology 2 Version,38,212120,0,3/18/1996,1996,0.488,0.341,2,-11.907,1,0.0256,0.681,0.0,0.0844,0.463,79.377,4
780,Linkin Park,6XyY86QOPPrYVGvF9ch6wz,18611017.0,"['alternative metal', 'nu metal', 'post-grunge', 'rap metal']",87.0,00MYbj8WKfcv3Bz6qFhJKn,Papercut,46,184867,0,10/24/2000,2000,0.524,0.939,9,-3.994,1,0.113,0.00022,0.0,0.623,0.661,150.184,4
1132,Linkin Park,6XyY86QOPPrYVGvF9ch6wz,18611017.0,"['alternative metal', 'nu metal', 'post-grunge', 'rap metal']",87.0,00VKR5XH5jid1AgUdFz4bs,Session,51,143800,0,3/24/2003,2003,0.562,0.936,10,-7.8,1,0.0617,0.0336,0.727,0.537,0.235,98.039,4
669,Linkin Park,6XyY86QOPPrYVGvF9ch6wz,18611017.0,"['alternative metal', 'nu metal', 'post-grunge', 'rap metal']",87.0,00KfIFi2TpAaQGPbRbFbKJ,IN MY REMAINS,62,200693,0,6/20/2012,2012,0.553,0.907,9,-5.623,0,0.0484,0.00401,0.0,0.266,0.451,100.967,4
806,Neha Kakkar,5f4QpKfy7ptCHwTqspnSJI,18120286.0,"['desi pop', 'filmi', 'modern bollywood']",77.0,00NksXMaWtsTARuoZmt0GJ,Chamma Chamma,49,196301,0,1/18/2018,2018,0.723,0.94,7,-1.883,1,0.0728,0.0195,0.000518,0.0933,0.406,100.036,4
113,Katy Perry,6jJ0s89eD6GaHleKKya26X,18021998.0,"['dance pop', 'pop', 'post-teen pop']",87.0,005lwxGU1tms6HGELIcUv9,I Kissed A Girl,71,179640,0,6/17/2008,2008,0.699,0.76,5,-3.173,1,0.0677,0.00223,0.0,0.132,0.696,129.996,4
215,Katy Perry,6jJ0s89eD6GaHleKKya26X,18021998.0,"['dance pop', 'pop', 'post-teen pop']",87.0,009ImBOrIUlWgla8U05RAC,Unconditionally,73,228879,0,1/1/2013,2013,0.432,0.725,7,-4.862,1,0.0431,0.00273,0.0,0.208,0.353,128.902,4
3802,Metallica,2ye2Wgw4gimLv2eAKyk1NB,17497379.0,"['hard rock', 'metal', 'old school thrash', 'rock', 'thrash metal']",85.0,02xhLoVqpGmOqvolgrwM8w,One,47,446146,0,8/25/1988,1988,0.439,0.691,7,-9.158,1,0.0608,0.000666,0.0777,0.423,0.433,103.281,3
3001,Lady Gaga,1HY2Jd0NmPuamShAr6KMms,17047864.0,"['dance pop', 'pop', 'post-teen pop']",89.0,02d1E4NRuh7OEQO4vCb9PD,Marry The Night,61,264520,0,5/23/2011,2011,0.612,0.877,0,-4.43,1,0.064,0.000992,0.00563,0.462,0.38,131.068,4
3812,Lady Gaga,1HY2Jd0NmPuamShAr6KMms,17047864.0,"['dance pop', 'pop', 'post-teen pop']",89.0,02XnQdf7sipaKBBHixz3Zp,Paparazzi,72,208307,0,1/1/2008,2008,0.762,0.692,5,-3.973,0,0.0438,0.113,0.0,0.094,0.397,114.906,4
2425,Sam Smith,2wY79sveU1sp5g7SokKOiI,16141960.0,"['dance pop', 'pop', 'post-teen pop', 'uk pop']",88.0,01uk7IzZyFNfQTDBXxx6NB,One Last Song,60,192922,0,11/3/2017,2017,0.672,0.53,1,-6.43,1,0.0284,0.367,0.0,0.321,0.485,103.326,3
1642,Travis Scott,0Y5tJX1MQlPlqiwlOH1tJY,16118616.0,"['rap', 'slap house']",94.0,01Ch5LzVStxCFPKkT1xg6k,sweet sweet,64,222318,1,9/16/2016,2016,0.733,0.578,0,-5.245,0,0.0417,0.0859,1.19e-06,0.403,0.447,142.028,4
3255,Sebastian Yatra,07YUOmWljBTXwIseAUd9TW,15150418.0,"['colombian pop', 'latin', 'latin pop', 'reggaeton', 'reggaeton colombiano', 'trap latino']",85.0,02jwccEshdWmRN7DeVhQEZ,Por Perro,21,245360,0,4/9/2021,2021,0.684,0.762,0,-5.147,1,0.0564,0.419,0.0,0.0759,0.905,172.015,4
3023,Miley Cyrus,5YGY8feqx7naU7z4HrwZM6,14779387.0,"['dance pop', 'pop', 'post-teen pop']",88.0,02dRkCEc8Q5ch4TTcnLxOn,Nothing Breaks Like a Heart (feat. Miley Cyrus),66,217099,0,6/21/2019,2019,0.601,0.794,7,-5.844,0,0.0671,0.00987,1.36e-06,0.418,0.244,114.066,4
3221,Pink Floyd,0k17h0D3J5VfsdmQ1iZtE9,14343532.0,"['album rock', 'art rock', 'classic rock', 'progressive rock', 'psychedelic rock', 'rock', 'symphonic rock']",83.0,02IXJgZlT4jKhmmujRmDm4,One of These Days,30,314947,0,11/23/1981,1981,0.418,0.64,9,-12.441,1,0.061,0.00648,0.875,0.166,0.353,138.642,4
240,Jorge & Mateus,1elUiq4X7pxej6FRlrEzjM,14295733.0,"['sertanejo', 'sertanejo universitario']",83.0,00An04LOF36saBLHZpBRLH,Aí Já Era,58,247893,0,11/25/2013,2013,0.515,0.446,7,-7.965,1,0.0254,0.906,1.74e-05,0.473,0.397,87.96,4
3751,Nicky Jam,1SupJlEpv7RS2tPNRaHViT,14285097.0,"['latin', 'latin hip hop', 'reggaeton', 'trap latino', 'tropical']",88.0,02VPMOfCJjN8YEvh5RQyET,Shaky Shaky - Remix,0,234560,0,4/14/2021,2021,0.813,0.786,6,-4.133,0,0.154,0.107,0.0,0.238,0.828,175.908,4
3324,Kanye West,5K4W6rqBFWDnAN6FQUkS6x,13713751.0,"['chicago rap', 'rap']",92.0,02LAK7qT1wya0klSeNO96f,RoboCop,56,274360,0,11/24/2008,2008,0.698,0.447,5,-8.04,0,0.102,0.157,0.00564,0.405,0.407,133.776,4
3982,Zé Neto & Cristiano,487N2T9nIPEHrlTZLL3SQs,13674608.0,"['sertanejo', 'sertanejo pop', 'sertanejo universitario']",80.0,0346fS3FSiQG3EDoekri3J,Morador de Rua - Ao Vivo,54,151090,0,7/13/2018,2018,0.602,0.82,11,-3.659,1,0.0521,0.556,0.0,0.909,0.703,131.922,4
2473,J. Cole,6l3HvQ5sa6mXTsMTB19rO5,13067338.0,"['conscious hip hop', 'hip hop', 'north carolina hip hop', 'rap']",87.0,01VGA34ATxwp0Xo1ldduo2,Note to Self,56,875307,1,12/9/2014,2014,0.657,0.455,8,-8.673,1,0.112,0.855,0.0,0.171,0.326,83.273,4
3998,Henrique & Juliano,3p7PcrEHaaKLJnPUGOtRlT,12846250.0,"['sertanejo pop', 'sertanejo universitario']",80.0,034Wtb0MsgU2kIT7PWdi4c,Volta por Baixo - Ao Vivo,65,192632,0,1/10/2020,2020,0.531,0.771,10,-5.897,1,0.05,0.386,0.0,0.942,0.467,123.414,4
3321,Lana Del Rey,00FQb4jTyendYWaN8pK0wa,12750166.0,"['art pop', 'pop']",89.0,02l99nML8rcfOeF41zeFPm,Carmen,36,248720,0,1/1/2011,2011,0.488,0.424,1,-9.561,0,0.031,0.0877,0.000482,0.129,0.0378,99.929,4
3701,Nirvana,6olE6TJLqED3rqDCT0FyPh,12507294.0,"['alternative rock', 'grunge', 'permanent wave', 'rock']",84.0,02UGlYzodYMeucgYo5DSHs,Lounge Act,37,156427,0,9/26/1991,1991,0.341,0.964,11,-5.327,0,0.107,1.26e-05,0.000103,0.151,0.459,152.192,4
3427,A.R. Rahman,1mYsTxnqsietFxj1OgoGbG,11578195.0,"['desi pop', 'filmi', 'modern bollywood', 'sufi']",77.0,02nOZG5WrxCHEYbjjxeZQf,Kaise Mujhe (Instrumental),40,241557,0,11/25/2008,2008,0.598,0.461,10,-13.836,1,0.0304,0.844,0.918,0.133,0.43,82.032,4
1704,Banda MS de Sergio Lizárraga,2C6i0I5RiGzDKN9IAF8reh,11141948.0,"['banda', 'corrido', 'norteno', 'regional mexican']",84.0,01dVdmSV7eaVgRzUAi6o13,A Mí Me Esta Doliendo,64,225960,0,2/5/2016,2016,0.779,0.389,10,-6.278,1,0.0312,0.248,5.13e-06,0.0641,0.674,114.941,4
3231,P!nk,1KCSPY1glIKqW2TotWuXOR,10740388.0,"['dance pop', 'pop', 'post-teen pop']",86.0,02jcEwywffn3Tsb48fXmlW,Get the Party Started,70,192533,0,2001,2001,0.802,0.904,11,-3.267,0,0.0459,0.00108,0.0,0.173,0.961,128.931,4
530,Panic! At The Disco,20JZFwl6HVl6yg8a4H3ZqK,10632209.0,"['baroque pop', 'emo', 'modern rock']",83.0,00h6syYCxPKVsInPHXhdZ1,Sarah Smiles,59,213320,0,3/18/2011,2011,0.332,0.837,5,-3.437,1,0.038,0.000324,0.0,0.164,0.551,171.341,4
2204,Led Zeppelin,36QJpDe2go2KgaRleHCDTp,10548181.0,"['album rock', 'classic rock', 'hard rock', 'rock']",81.0,01pTpvBghy8H9l7IGWOq5r,Driving Through Kashmir - Kashmir Rough Orchestra Mix,30,521107,0,2/24/1975,1975,0.473,0.588,2,-10.407,1,0.0455,0.396,0.000169,0.157,0.629,81.317,3
564,2Pac,1ZwdS5xdxEREPySFridCfh,10311655.0,"['g funk', 'gangster rap', 'hip hop', 'rap', 'west coast rap']",83.0,00i2HU7TEzzftShjRrDSEF,Changes,73,268960,1,12/3/2007,2007,0.865,0.657,7,-6.722,1,0.076,0.0404,0.0,0.14,0.316,111.115,4
1540,Lil Wayne,55Aa2cqylxrFIXC767Z865,10309562.0,"['hip hop', 'new orleans rap', 'pop rap', 'rap', 'trap']",90.0,01A7PEPSnmtixFPfB2UTal,Buy The World,60,226693,1,6/17/2014,2014,0.793,0.631,11,-6.109,0,0.0998,0.0406,0.000478,0.207,0.231,119.971,4
818,Lil Wayne,55Aa2cqylxrFIXC767Z865,10309562.0,"['hip hop', 'new orleans rap', 'pop rap', 'rap', 'trap']",90.0,00NUqFMIpCsrYPbM9YpVHQ,MegaMan,54,198280,1,1/1/2011,2011,0.504,0.856,11,-5.024,0,0.286,0.0114,0.0,0.256,0.335,101.866,5
3398,Aerosmith,7Ey4PD4MYsKc5I2dolUwbH,10079991.0,"['album rock', 'classic rock', 'hard rock', 'rock']",80.0,02mweGWS7tgRTJa4sn8jI4,S.O.S. (Too Bad),33,171267,0,3/15/1974,1974,0.493,0.796,8,-8.892,0,0.0368,0.0218,5.66e-05,0.174,0.898,148.165,4
3830,The Rolling Stones,22bE4uQ6baNwSHPVcDxLCe,10060904.0,"['british invasion', 'classic rock', 'rock']",83.0,02Y7UtZLh7SbhYsYG5N7Rr,Worried About You - Remastered,41,317560,0,8/24/1981,1981,0.428,0.636,0,-6.891,1,0.033,0.105,0.000923,0.0865,0.374,85.121,4
1957,The Rolling Stones,22bE4uQ6baNwSHPVcDxLCe,10060904.0,"['british invasion', 'classic rock', 'rock']",83.0,01JYvQ6udfhUw9Jed9EzoK,Bitch - 2009 Mix,51,217093,0,4/23/1971,1971,0.655,0.972,7,-3.502,1,0.0362,0.257,0.297,0.165,0.973,135.922,4
2228,Enrique Iglesias,7qG3b048QCHVRO5Pv1T5lw,10045207.0,"['dance pop', 'latin', 'latin pop', 'mexican pop', 'pop', 'tropical']",80.0,01qCxvpyyIm0a0RG3uYxEm,Could I Have This Kiss Forever,59,235293,0,1/1/1999,1999,0.457,0.892,10,-5.926,0,0.0986,0.00338,4.46e-06,0.141,0.508,93.664,4
953,Wiz Khalifa,137W8MRPWKqSmrBGDBFSop,9907667.0,"['hip hop', 'pittsburgh rap', 'pop rap', 'rap', 'southern hip hop', 'trap']",88.0,00QyLmjxaSEE8qIZQjBXBj,We Own It (Fast & Furious),63,227893,0,1/1/2013,2013,0.554,0.899,8,-4.573,1,0.408,0.0521,0.0,0.0568,0.552,171.966,4
507,Wiz Khalifa,137W8MRPWKqSmrBGDBFSop,9907667.0,"['hip hop', 'pittsburgh rap', 'pop rap', 'rap', 'southern hip hop', 'trap']",88.0,00gm39uHwBnhjIvCkOU2SC,Till I'm Gone (feat. Wiz Khalifa),42,213766,1,5/31/2010,2010,0.723,0.891,5,-4.31,0,0.131,0.122,0.0,0.379,0.884,163.995,4
1258,Bob Marley & The Wailers,2QsynagSdAqZj3U9HgDzjD,9382373.0,"['reggae', 'roots reggae']",83.0,00YKnSzFJyRyz6owkYtId8,"Jammin' - Live At The Pavillon De Paris, 1977",35,354907,0,1/1/1978,1978,0.654,0.875,11,-6.683,0,0.0942,0.0225,0.123,0.969,0.597,128.934,4
1876,Bob Marley & The Wailers,2QsynagSdAqZj3U9HgDzjD,9382373.0,"['reggae', 'roots reggae']",83.0,01HW8CqQdIeejpFOa8gi9j,Smile Jamaica - Single Version - 1976,29,198933,0,4/30/1976,1976,0.901,0.493,7,-9.287,1,0.0603,0.161,0.000445,0.183,0.661,111.385,4
406,Luis Fonsi,4V8Sr092TqfHkfAA5fXXqG,9347569.0,"['latin', 'latin pop', 'puerto rican pop', 'tropical']",80.0,00Ec4qjKRWzwidhmCLqEPd,Imagíname Sin Ti,52,249880,0,1/1/2006,2006,0.549,0.482,4,-6.452,1,0.0313,0.773,0.0,0.115,0.158,118.096,4
642,Armaan Malik,4IKVDbCSBTxBeAsMKjAuTs,9250478.0,"['desi pop', 'filmi', 'modern bollywood']",72.0,00juIvfvPtZ0CfAMwEkHaV,Theher Ja,53,161771,0,3/28/2018,2018,0.662,0.31,1,-14.111,0,0.0347,0.833,0.861,0.108,0.212,117.965,4
52,Armaan Malik,4IKVDbCSBTxBeAsMKjAuTs,9250478.0,"['desi pop', 'filmi', 'modern bollywood']",72.0,002GhFnAM2IkoVWzVnqJHe,"Neenaade Naa (From ""Yuvarathnaa (Kannada)"")",55,252460,0,12/25/2020,2020,0.445,0.553,10,-8.204,0,0.0331,0.82,4.7e-06,0.19,0.397,185.871,3
2564,Bon Jovi,58lV9VcRSjABbAbfWS6skp,9171614.0,"['glam metal', 'hard rock', 'rock']",81.0,01XJ1q0UCxMAZqHIxEBk6q,Silent Night,34,307667,0,1/1/1985,1985,0.499,0.561,9,-5.553,1,0.0299,0.0914,0.0,0.111,0.27,122.444,4
2848,Fall Out Boy,4UXqAaa6dQYAk18Lv7PEgX,8743699.0,"['emo', 'modern rock', 'pop punk']",83.0,028njLMKzGg4gAVSgMeOhm,Hum Hallelujah,57,230507,0,1/1/2007,2007,0.466,0.957,2,-3.302,1,0.0637,0.00784,0.0,0.48,0.657,183.959,4
3915,Usher,23zg3TcAtWQy7J6upgbUnj,8618393.0,"['atl hip hop', 'dance pop', 'pop', 'r&b', 'south carolina hip hop', 'urban contemporary']",84.0,030OCtLMrljNhp8OWHBWW3,Hey Daddy (Daddy's Home),61,224093,0,3/30/2010,2010,0.59,0.698,11,-4.262,1,0.0286,0.000176,0.0,0.107,0.352,95.975,4
3080,Alicia Keys,3DiDSECUqqY1AuBP8qtaIa,8565325.0,"['hip pop', 'neo soul', 'pop', 'r&b', 'urban contemporary']",82.0,02f5iKhfXVvCWK641es1sT,Looking for Paradise (feat. Alicia Keys),59,270627,0,11/10/2009,2009,0.571,0.587,0,-6.269,1,0.0505,0.123,0.0,0.0847,0.641,88.945,4
1716,U2,51Blml2LZPmy7TTiAg47vQ,8157894.0,"['irish rock', 'permanent wave', 'rock']",82.0,01E97908af7cRmFC9XXekH,Zoo Station,47,276160,0,11/18/1991,1991,0.585,0.777,7,-10.368,1,0.0412,1.63e-05,0.516,0.0533,0.687,128.833,4
2524,Skrillex,5he5w2lnU9x7JFhnwcekXX,7789284.0,"['brostep', 'complextro', 'edm', 'electro', 'pop dance']",80.0,01WQmmvBh3sxX6rDVAGMfF,First of the Year (Equinox),1,261517,0,8/16/2011,2011,0.429,0.948,5,-3.657,0,0.227,0.00711,0.0148,0.0812,0.55,115.785,3
511,Childish Gambino,73sIBHcqh3Z3NyqHKZ7FOL,7716080.0,"['atl hip hop', 'hip hop', 'pop rap', 'rap']",81.0,00GOPLxW4PGQuUYdPJh8K1,IV. Sweatpants,72,180675,1,12/10/2013,2013,0.71,0.47,1,-9.33,0,0.142,0.154,0.0,0.643,0.581,80.027,4
2871,Daft Punk,4tZwfgrHOc3mvqYlEYSvVi,7650304.0,"['electro', 'filter house']",86.0,029O4HWI1pVXLfFdfQd1Jb,Superheroes / Human After All / Rock'n Roll,50,341107,0,11/19/2007,2007,0.487,0.723,7,-11.148,1,0.143,4.48e-05,0.383,0.819,0.391,138.007,4
2495,Cartel De Santa,07PdYoE4jVRF6Ut40GgVSP,7541026.0,"['latin hip hop', 'mexican hip hop']",80.0,01vZxLzy1Jl2j8oajNw00l,Súbete y Ya Verás (feat. Big Man & Millonario),54,295000,0,7/25/2011,2011,0.722,0.714,6,-6.544,1,0.193,0.16,0.0,0.222,0.846,87.996,4
631,Cartel De Santa,07PdYoE4jVRF6Ut40GgVSP,7541026.0,"['latin hip hop', 'mexican hip hop']",80.0,00jpfco62YfQj1BBYCCuKH,Leve,71,225240,1,11/18/2016,2016,0.663,0.802,0,-4.086,1,0.246,0.188,0.0,0.166,0.679,177.842,4
1592,Anne-Marie,1zNqDE7qDGCsyzJwohVaoX,7519267.0,"['dance pop', 'pop', 'pop dance', 'post-teen pop', 'tropical house', 'uk pop']",83.0,01BC4Xj5tfsfV8DLDrma7q,Ciao Adios,66,199773,0,4/27/2018,2018,0.694,0.853,7,-3.986,1,0.0934,0.136,0.0,0.322,0.501,106.098,4
3882,Lorde,163tK9Wjr9P9DmM0AVK7lm,7474152.0,"['art pop', 'dance pop', 'electropop', 'metropopolis', 'nz pop', 'pop', 'post-teen pop']",80.0,02ZorlDGq0uTnMobHNh4EL,Bravado,60,221409,0,1/1/2013,2013,0.489,0.535,7,-10.34,1,0.0933,0.539,0.0266,0.166,0.04,175.921,4
427,Kygo,23fqKkggKUBHNkbKtXEls4,7362032.0,"['edm', 'pop', 'pop dance', 'tropical house']",86.0,00ETaeHUQ6lops3oWU1Wrt,Hot Stuff,75,199008,0,9/18/2020,2020,0.681,0.773,5,-5.749,1,0.148,0.019,1.28e-06,0.11,0.429,119.961,4
2766,Shreya Ghoshal,0oOet2f43PA68X5RxKobEy,7233758.0,"['desi pop', 'filmi', 'modern bollywood', 'sufi']",77.0,024JCCAt4QZR3puLHJ8gZe,Karmukilin,46,261044,0,7/24/2012,2012,0.38,0.45,4,-6.43,0,0.0319,0.659,9.69e-06,0.136,0.301,90.96,4
3404,Shreya Ghoshal,0oOet2f43PA68X5RxKobEy,7233758.0,"['desi pop', 'filmi', 'modern bollywood', 'sufi']",77.0,02N5ZxOVugGQmKeIT0VXUx,Tu Meri Dost Hain,40,373173,0,11/21/2008,2008,0.683,0.712,7,-5.925,1,0.0254,0.461,6.13e-05,0.317,0.473,99.987,4
2611,Shreya Ghoshal,0oOet2f43PA68X5RxKobEy,7233758.0,"['desi pop', 'filmi', 'modern bollywood', 'sufi']",77.0,01yHYYvFwxQorNJTBwbvPn,Elangathu,43,369774,0,3/31/2013,2013,0.694,0.479,0,-8.918,1,0.0307,0.36,0.0,0.195,0.735,143.974,4
2383,System Of A Down,5eAWCfyUhZtHHtBdNk56l1,7115995.0,"['alternative metal', 'nu metal', 'rap metal']",81.0,01tto4a5t1ZGlW1hdHIhZ8,Holy Mountains,45,328867,0,11/18/2005,2005,0.24,0.892,1,-2.37,1,0.0466,0.00114,0.00245,0.106,0.268,154.65,4
749,Avril Lavigne,0p4nmQO2msCgU4IF37Wi3j,7105293.0,"['canadian pop', 'candy pop', 'dance pop', 'pop', 'post-teen pop']",80.0,00Mb3DuaIH1kjrwOku9CGU,Sk8er Boi,78,204000,0,6/4/2002,2002,0.487,0.9,0,-4.417,1,0.0482,6.79e-05,0.0,0.358,0.484,149.937,4
1860,Amy Winehouse,6Q192DXotxtaysaqNPy5yR,7078461.0,"['british soul', 'neo soul']",79.0,01hJnhpAmjzg85Etnz2ECH,Body and Soul,58,200587,0,9/20/2011,2011,0.342,0.249,1,-11.812,1,0.0277,0.87,5.09e-05,0.152,0.203,94.746,3
1656,50 Cent,3q7HBObVc0L8jNeTe5Gofh,7036668.0,"['east coast hip hop', 'gangster rap', 'hip hop', 'pop rap', 'queens hip hop', 'rap']",85.0,01CQhBt89CFglcp4wwU3RI,Disco Inferno,48,217613,1,1/1/2005,2005,0.912,0.638,3,-5.851,1,0.23,0.247,4.47e-05,0.232,0.72,97.054,4
1162,Slipknot,05fG473iIaoy82BF1aGhL8,7013125.0,"['alternative metal', 'double drumming', 'nu metal', 'rap metal']",80.0,00WbLoO3bSlUdAy8al106S,Gently,52,294000,0,2001,2001,0.295,0.961,2,-4.605,1,0.0997,2.4e-05,0.67,0.203,0.196,136.882,4
1723,Slipknot,05fG473iIaoy82BF1aGhL8,7013125.0,"['alternative metal', 'double drumming', 'nu metal', 'rap metal']",80.0,01eEGwQ4eZlz6x1V8i2WGP,Dead Memories,41,268587,0,8/22/2008,2008,0.547,0.963,4,-2.337,0,0.0744,0.000443,0.0251,0.353,0.441,130.061,4
2267,Elton John,3PhoLpVuITZKcymswpck5b,6915079.0,"['glam rock', 'mellow gold', 'piano rock', 'soft rock']",85.0,01qYEGYCRYzMSNOj8idCmk,True Love,39,213067,0,11/22/1993,1993,0.589,0.421,6,-10.209,1,0.0257,0.324,1.6e-06,0.162,0.214,105.234,3
2196,Elton John,3PhoLpVuITZKcymswpck5b,6915079.0,"['glam rock', 'mellow gold', 'piano rock', 'soft rock']",85.0,01PjrDX13iIjeHc5iJZmb3,Empty Garden (Hey Hey Johnny) - Remastered 2003,47,308200,0,1/1/1982,1982,0.667,0.363,4,-13.498,1,0.0275,0.138,7.02e-06,0.41,0.224,109.208,4
1033,Piso 21,4bw2Am3p9ji3mYsXNXtQcd,6858910.0,"['colombian pop', 'latin', 'latin pop', 'reggaeton', 'reggaeton colombiano', 'trap latino']",81.0,00szcRmgqJGtqrfIUYkM1h,Más De La Una,69,236731,1,3/18/2021,2021,0.605,0.8,10,-3.018,1,0.312,0.518,0.000128,0.0763,0.732,92.284,4
1324,Snoop Dogg,7hJcb9fa4alzcOq3EaNPoG,6805667.0,"['g funk', 'gangster rap', 'hip hop', 'pop rap', 'rap', 'west coast rap']",86.0,010kA3otO6umetgBUPUYBw,Signs,43,238067,1,2005,2005,0.939,0.687,7,-5.926,1,0.169,0.0307,0.000239,0.238,0.644,113.018,4
117,Luis Miguel,2nszmSgqreHSdJA3zWPyrW,6766040.0,"['bolero', 'latin', 'latin pop']",84.0,005XFVsvuKK1mmfAifYVfO,Balada Para Mi Abuela,22,169348,0,6/18/1982,1982,0.587,0.664,5,-5.339,1,0.0293,0.451,0.0,0.0896,0.46,126.952,4
3334,Christian Nodal,0XwVARXT135rw8lyw1EeWP,6691210.0,"['mariachi', 'nuevo regional mexicano', 'ranchera', 'regional mexican']",86.0,02lGHA7bFFplYLihnUWTx8,Tequila,67,159547,0,11/22/2019,2019,0.757,0.688,9,-4.546,1,0.112,0.226,0.0,0.237,0.704,155.994,4
1495,The Script,3AQRLZ9PuTAozP28Skbq8V,6548759.0,"['celtic rock', 'dance pop', 'neo mellow', 'pop', 'pop rock', 'post-teen pop', 'viral pop']",78.0,018Idkvf82hi44UZmIXiGB,"Never Seen Anything ""Quite Like You"" - Acoustic",66,228147,0,4/18/2018,2018,0.444,0.398,6,-8.01,1,0.03,0.799,0.0,0.114,0.361,79.874,3
2228,Whitney Houston,6XpaIBNiVzIetEPCWDvAFP,6510934.0,"['dance pop', 'pop', 'urban contemporary']",80.0,01qCxvpyyIm0a0RG3uYxEm,Could I Have This Kiss Forever,59,235293,0,1/1/1999,1999,0.457,0.892,10,-5.926,0,0.0986,0.00338,4.46e-06,0.141,0.508,93.664,4
1154,Whitney Houston,6XpaIBNiVzIetEPCWDvAFP,6510934.0,"['dance pop', 'pop', 'urban contemporary']",80.0,00W1p1EeD140DHSrVjhhlR,Hold Me (with Teddy Pendergrass),45,360733,0,2/14/1985,1985,0.537,0.263,2,-17.92,1,0.0291,0.379,2.83e-06,0.162,0.21,116.097,4
1752,DaBaby,4r63FhuTkUYltbVAg5TQnk,6485079.0,"['north carolina hip hop', 'rap']",93.0,01F6rZ2WWK97j5O5xoMNIf,ROCKSTAR,12,181733,1,4/7/2021,2021,0.746,0.69,11,-7.956,1,0.164,0.247,0.0,0.101,0.497,89.979,4
646,Muse,12Chz98pHFMPJEknJQMWvI,6378276.0,"['modern rock', 'permanent wave', 'rock']",79.0,00jXDm9BLNZdf2QC3Br0r7,Space Dementia,48,380760,0,2001,2001,0.166,0.723,11,-6.845,1,0.0472,0.0153,0.00265,0.214,0.0756,170.957,4
109,Ricardo Arjona,0h1zs4CTlU9D2QtgPxptUD,6374544.0,"['cantautor', 'latin', 'latin arena pop', 'latin pop', 'rock en espanol', 'tropical']",80.0,005Dlt8Xaz3DkaXiRJgdiS,Historia de Taxi,66,405120,0,4/14/1994,1994,0.715,0.621,2,-10.755,0,0.0341,0.117,1.07e-06,0.279,0.698,147.053,4
3230,Ricardo Arjona,0h1zs4CTlU9D2QtgPxptUD,6374544.0,"['cantautor', 'latin', 'latin arena pop', 'latin pop', 'rock en espanol', 'tropical']",80.0,02JbTH4sGnaUWp11vCR9yI,Ni Tú Ni Yo (feat. Paquita la del Barrio),50,341893,0,2008,2008,0.546,0.339,4,-6.479,1,0.036,0.222,0.0,0.184,0.332,79.957,4
2951,Eagles,0ECwFtbIWEVNwjlrfc6xoL,6369653.0,"['album rock', 'classic rock', 'country rock', 'folk rock', 'heartland rock', 'mellow gold', 'rock', 'soft rock', 'yacht rock']",80.0,02BsTeJE4q5gWOTt58ur5U,I Can't Tell You Why - 2013 Remaster,66,295050,0,1979,1979,0.707,0.346,11,-12.397,0,0.0251,0.69,0.145,0.1,0.49,85.094,4
2696,Fleetwood Mac,08GQAI4eElDnROBrJRGE0X,6343791.0,"['album rock', 'classic rock', 'mellow gold', 'rock', 'soft rock', 'yacht rock']",85.0,021JldNpXGATNSC69edcBT,Future Games,50,499116,0,9/3/1971,1971,0.4,0.475,11,-11.462,0,0.0309,0.376,0.736,0.142,0.0754,141.35,4
442,Fleetwood Mac,08GQAI4eElDnROBrJRGE0X,6343791.0,"['album rock', 'classic rock', 'mellow gold', 'rock', 'soft rock', 'yacht rock']",85.0,00Fboe8pNoWHLg1nn3e7Oi,Sands of Time - Single; 2018 Remaster,33,183253,0,11/16/2018,2018,0.614,0.668,7,-11.31,1,0.0268,0.105,0.116,0.109,0.873,137.003,4
1546,Fleetwood Mac,08GQAI4eElDnROBrJRGE0X,6343791.0,"['album rock', 'classic rock', 'mellow gold', 'rock', 'soft rock', 'yacht rock']",85.0,01Ad3YljWv9gfMVYpn6cL7,That's Alright - 2016 Remaster,39,190378,0,6/18/1982,1982,0.543,0.537,9,-8.884,1,0.0239,0.0582,2.2e-05,0.11,0.68,147.518,4
1923,Fleetwood Mac,08GQAI4eElDnROBrJRGE0X,6343791.0,"['album rock', 'classic rock', 'mellow gold', 'rock', 'soft rock', 'yacht rock']",85.0,01j5XPQhgOa9Hc4EGOIMtL,Need Your Love So Bad - USA Version,24,379733,0,8/15/1969,1969,0.415,0.243,9,-14.049,1,0.0324,0.103,0.0,0.386,0.202,148.246,3
3251,Fleetwood Mac,08GQAI4eElDnROBrJRGE0X,6343791.0,"['album rock', 'classic rock', 'mellow gold', 'rock', 'soft rock', 'yacht rock']",85.0,02jrZxFA2nMEweoUc5UvX3,Family Man - 2017 Remaster,38,247133,0,4/14/1987,1987,0.778,0.669,7,-9.735,1,0.0367,0.0354,0.0132,0.0973,0.834,123.543,4
3611,Fleetwood Mac,08GQAI4eElDnROBrJRGE0X,6343791.0,"['album rock', 'classic rock', 'mellow gold', 'rock', 'soft rock', 'yacht rock']",85.0,02S5aAJ2K4jzsIe4jtPpSA,I'm Coming Home To Stay,18,148600,0,2/24/1968,1968,0.425,0.658,9,-8.678,1,0.0368,0.134,6.14e-06,0.397,0.845,119.161,4
223,Bebe Rexha,64M6ah0SkkRsnPGtGiRAbb,6298454.0,"['alt z', 'dance pop', 'electropop', 'pop', 'pop rap', 'post-teen pop']",84.0,009ZUM4fe0WZbOTAjcTHyR,I'm a Mess,9,195519,0,12/11/2020,2020,0.631,0.697,11,-6.257,0,0.0254,0.00285,0.0,0.0719,0.231,97.008,4
953,2 Chainz,17lzZA2AlOHwCwFALHttmp,6267865.0,"['atl hip hop', 'gangster rap', 'hip hop', 'pop rap', 'rap', 'southern hip hop', 'trap']",83.0,00QyLmjxaSEE8qIZQjBXBj,We Own It (Fast & Furious),63,227893,0,1/1/2013,2013,0.554,0.899,8,-4.573,1,0.408,0.0521,0.0,0.0568,0.552,171.966,4
3810,Iron Maiden,6mdiAmATAx73kdxrNrnlao,6256713.0,"['album rock', 'hard rock', 'metal', 'nwobhm', 'rock']",76.0,02xMKrzQ65xS700JS13Y90,Heaven Can Wait - 2015 Remaster,50,443600,0,1986,1986,0.302,0.982,7,-3.901,1,0.0893,0.0221,0.00267,0.104,0.476,107.218,4
1041,The Notorious B.I.G.,5me0Irg2ANcsgc93uaYrpb,6231783.0,"['east coast hip hop', 'gangster rap', 'hardcore hip hop', 'hip hop', 'rap']",83.0,00t7QTffOR3SA3L1BvSQVq,Suicidal Thoughts - 2005 Remaster,66,170213,1,9/13/1994,1994,0.604,0.501,5,-10.171,0,0.425,0.466,9.09e-06,0.091,0.0956,78.61,4
2170,Oasis,2DaxqgrOhkeH0fpeiQq2f4,6144580.0,"['beatlesque', 'britpop', 'madchester', 'permanent wave', 'rock']",80.0,01Ox3uPKBqENtiWNlVaRdD,Supersonic,46,283744,0,8/29/1994,1994,0.39,0.877,9,-4.829,1,0.0347,4.9e-05,0.00241,0.265,0.689,103.94,4
3066,Oasis,2DaxqgrOhkeH0fpeiQq2f4,6144580.0,"['beatlesque', 'britpop', 'madchester', 'permanent wave', 'rock']",80.0,02ePjHjIiszSYqeLykvpTN,She's Electric - Remastered,54,220920,0,10/2/1995,1995,0.487,0.909,9,-3.484,1,0.0463,0.159,1.27e-06,0.303,0.51,125.418,4
2412,Oasis,2DaxqgrOhkeH0fpeiQq2f4,6144580.0,"['beatlesque', 'britpop', 'madchester', 'permanent wave', 'rock']",80.0,01uctxky5IDj8UQvdmcLIv,She Is Love,48,189373,0,7/1/2002,2002,0.463,0.642,0,-6.39,1,0.0299,0.43,1.31e-06,0.14,0.506,90.009,4
1822,JAY-Z,3nFkdlSjzX9mRTtwJOzDYB,6126502.0,"['east coast hip hop', 'hip hop', 'pop rap', 'rap']",87.0,01gu79iiKf0mEo1Sq1fe6K,Coming Of Age,36,239160,1,6/25/1996,1996,0.658,0.71,8,-8.638,0,0.407,0.0229,0.0,0.144,0.679,87.166,4
1841,Radiohead,4Z8W4fKeB5YxbusRsdQVPb,6049256.0,"['alternative rock', 'art rock', 'melancholia', 'oxford indie', 'permanent wave', 'rock']",81.0,01H97h3qF7oFMa1DXR1kGZ,Killer Cars,31,183893,0,2/27/1995,1995,0.206,0.919,7,-6.231,1,0.0643,0.000154,0.609,0.313,0.422,175.57,4
3511,Radiohead,4Z8W4fKeB5YxbusRsdQVPb,6049256.0,"['alternative rock', 'art rock', 'melancholia', 'oxford indie', 'permanent wave', 'rock']",81.0,02ppMPbg1OtEdHgoPqoqju,Reckoner,63,290213,0,12/28/2007,2007,0.523,0.656,4,-7.441,0,0.0262,0.511,0.16,0.0679,0.214,104.271,4
1752,Roddy Ricch,757aE44tKEUQEqRuT6GnEB,5988689.0,"['melodic rap', 'rap', 'trap']",88.0,01F6rZ2WWK97j5O5xoMNIf,ROCKSTAR,12,181733,1,4/7/2021,2021,0.746,0.69,11,-7.956,1,0.164,0.247,0.0,0.101,0.497,89.979,4
2191,Jason Mraz,4phGZZrJZRo4ElhRtViYdl,5961911.0,"['acoustic pop', 'neo mellow', 'pop', 'pop rock', 'viral pop']",79.0,01pgHbtziFmLnaIdTbz3FK,Bella Luna,49,302347,0,7/26/2005,2005,0.755,0.454,9,-9.609,0,0.0352,0.757,0.0,0.236,0.331,120.06,4
3146,Jason Mraz,4phGZZrJZRo4ElhRtViYdl,5961911.0,"['acoustic pop', 'neo mellow', 'pop', 'pop rock', 'viral pop']",79.0,02gxvenpiTTSKKVnMBqq2l,I Melt with You,41,216027,0,9/13/2005,2005,0.667,0.804,0,-5.853,1,0.0391,0.078,0.0,0.0861,0.544,77.52,4
79,The Killers,0C0XlULifJtAgn6ZNCW2eu,5944237.0,"['dance rock', 'modern rock', 'permanent wave', 'rock']",81.0,003vvx7Niy0yvhvHt4a68B,Mr. Brightside,82,222973,0,2004,2004,0.352,0.911,1,-5.23,1,0.0747,0.00121,0.0,0.0995,0.236,148.033,4
563,Ricky Martin,7slfeZO9LsJbWgpkIoXBUJ,5843491.0,"['dance pop', 'latin', 'latin pop', 'mexican pop', 'puerto rican pop', 'tropical']",78.0,00i0O74dXdaKKdCrqHnfXm,La Mordidita (feat. Yotuel),70,211680,0,2/10/2015,2015,0.725,0.903,0,-2.955,1,0.0658,0.0344,0.0,0.183,0.946,142.006,4
2069,Ricky Martin,7slfeZO9LsJbWgpkIoXBUJ,5843491.0,"['dance pop', 'latin', 'latin pop', 'mexican pop', 'puerto rican pop', 'tropical']",78.0,01Mi9xc3nOoxuJWSptf7LY,We Are The World - Live,41,350867,0,1/1/1999,1999,0.327,0.681,4,-6.393,1,0.0427,0.386,0.0,0.73,0.269,134.183,4
2634,Mac Miller,4LLpKhyESsyAXpc4laK94U,5744628.0,"['hip hop', 'pittsburgh rap', 'rap']",87.0,01z2fBGB8Hl3Jd3zXe4IXR,Come Back to Earth,74,161840,0,8/3/2018,2018,0.272,0.238,2,-12.148,0,0.0349,0.89,0.00925,0.275,0.119,83.507,4
1782,KISS,07XSN3sPlIlB2L2XNcTwJw,5744191.0,"['album rock', 'classic rock', 'glam rock', 'hard rock', 'metal', 'rock']",76.0,01fv3ehMBP3wZoWcjOCHWh,Heaven's On Fire,44,201400,0,9/13/1984,1984,0.679,0.866,0,-6.053,1,0.0634,0.00376,3.1e-05,0.312,0.785,124.325,4
1563,KISS,07XSN3sPlIlB2L2XNcTwJw,5744191.0,"['album rock', 'classic rock', 'glam rock', 'hard rock', 'metal', 'rock']",76.0,01AJsKRh3Ny0okDDtUROgx,Goin' Blind,18,216733,0,10/22/1974,1974,0.38,0.658,1,-6.978,1,0.034,0.0444,0.00726,0.183,0.641,138.023,4
545,Tiësto,2o5jDhtHVPhrJdv3cEQ99Z,5527032.0,"['big room', 'brostep', 'dance pop', 'dutch edm', 'edm', 'house', 'pop', 'pop dance', 'slap house', 'trance', 'tropical house']",87.0,00Hlym039AB1cZPzgJVi5s,Lethal Industry - Radio Edit,53,163813,0,5/17/2010,2010,0.513,0.949,7,-6.021,1,0.0454,5.38e-05,0.919,0.132,0.0441,134.982,4
1071,Soda Stereo,7An4yvF7hDYDolN4m5zKBp,5474588.0,"['argentine rock', 'latin alternative', 'latin rock', 'post-punk argentina', 'rock en espanol', 'ska argentino']",77.0,00TU7szqwBrxWTd9SO7ihK,Ella Uso Mi Cabeza Como Un Revolver - MTV Unplugged,54,364493,0,9/1/1996,1996,0.372,0.764,8,-7.352,1,0.0347,0.00285,0.0121,0.708,0.22,82.824,4
37,Soda Stereo,7An4yvF7hDYDolN4m5zKBp,5474588.0,"['argentine rock', 'latin alternative', 'latin rock', 'post-punk argentina', 'rock en espanol', 'ska argentino']",77.0,001YQlnDSduXd5LgBd66gT,El Tiempo Es Dinero - Remasterizado 2007,36,177267,0,2/6/1984,1984,0.554,0.921,2,-4.589,1,0.0758,0.0194,0.0881,0.329,0.7,183.571,1
582,Zedd,2qxJFvFYMEDqd7ui6kSAcq,5426936.0,"['complextro', 'dance pop', 'edm', 'electro house', 'electropop', 'german techno', 'pop', 'pop dance', 'post-teen pop', 'tropical house']",81.0,00ingny7xrBeCaa0Bn5SG4,I Want You To Know,45,240000,0,5/18/2015,2015,0.58,0.846,9,-2.876,0,0.0573,0.00537,6.62e-06,0.145,0.366,129.998,4
3832,Marc Anthony,4wLXwxDeWQ8mtUIRPxGiD6,5403982.0,"['latin', 'latin pop', 'modern salsa', 'salsa', 'tropical']",81.0,02YAbVNakOle4LWElPxcc5,Si He De Morir,34,256667,0,1/1/1993,1993,0.688,0.648,0,-9.337,1,0.0341,0.24,7.49e-06,0.0654,0.884,151.935,4
3856,Elvis Presley,43ZHCT0cAZBISjO8DG9PnE,5319897.0,"['adult standards', 'rock-and-roll', 'rockabilly']",80.0,02YVzb8Aw5rx3tzuSKcmzz,Proud Mary - Live,34,166240,0,6/1/1972,1972,0.478,0.725,6,-12.419,0,0.0581,0.106,0.166,0.633,0.692,152.1,4
2402,Elvis Presley,43ZHCT0cAZBISjO8DG9PnE,5319897.0,"['adult standards', 'rock-and-roll', 'rockabilly']",80.0,01u6AEzGbGbQyYVdxajxqk,Don't Be Cruel,60,122893,0,3/21/1958,1958,0.697,0.55,2,-11.496,1,0.18,0.856,3.44e-05,0.0907,0.844,84.802,4
604,Elvis Presley,43ZHCT0cAZBISjO8DG9PnE,5319897.0,"['adult standards', 'rock-and-roll', 'rockabilly']",80.0,00iXlZ8jMVxSrxXvQomYU1,Home Is Where the Heart Is,27,111120,0,10/1/1971,1971,0.459,0.0653,0,-20.004,1,0.0467,0.961,0.00183,0.107,0.301,92.217,4
1184,Elvis Presley,43ZHCT0cAZBISjO8DG9PnE,5319897.0,"['adult standards', 'rock-and-roll', 'rockabilly']",80.0,00wvVSUEvQpmuEfX2ljq8c,Love Me Tonight,27,121093,0,11/15/1963,1963,0.325,0.114,8,-17.808,1,0.034,0.944,0.00684,0.134,0.234,74.378,4
2580,Black Sabbath,5M52tdBnJaKSvOpJGz8mfZ,5281025.0,"['album rock', 'birmingham metal', 'classic rock', 'hard rock', 'metal', 'rock', 'stoner rock', 'uk doom metal']",76.0,01xU5pDHQ8FfVhEi98UFMY,A Bit of Finger / Sleeping Village / Warning - 2013 Remaster,41,853399,0,2/13/1970,1970,0.356,0.552,0,-13.307,1,0.059,0.0802,0.0492,0.128,0.339,136.257,4
2975,Black Sabbath,5M52tdBnJaKSvOpJGz8mfZ,5281025.0,"['album rock', 'birmingham metal', 'classic rock', 'hard rock', 'metal', 'rock', 'stoner rock', 'uk doom metal']",76.0,02ciBFQZDznVQsoU7isB5Z,Johnny Blade,32,387547,0,9/28/1978,1978,0.22,0.791,9,-8.847,0,0.0396,0.00122,0.000282,0.0709,0.526,147.475,4
848,Black Sabbath,5M52tdBnJaKSvOpJGz8mfZ,5281025.0,"['album rock', 'birmingham metal', 'classic rock', 'hard rock', 'metal', 'rock', 'stoner rock', 'uk doom metal']",76.0,00okyXjqRzlyGVOeO6Ni5f,TV Crimes - 2007 Remaster,16,240977,0,4/3/2007,2007,0.486,0.97,4,-5.008,1,0.0552,0.0683,0.0215,0.186,0.4,106.25,4
683,Chance the Rapper,1anyVhU62p31KFi8MEzkbf,5268258.0,"['chicago rap', 'conscious hip hop', 'hip hop', 'pop rap', 'rap']",85.0,00ko9WaS4jOX1kEk3gvHjf,Hot Shower,71,225924,1,7/26/2019,2019,0.899,0.509,9,-8.04,1,0.387,0.00157,0.0,0.0573,0.599,150.001,4
1757,Don Omar,33ScadVnbm2X8kkUqOkC6Z,5261340.0,"['latin', 'latin hip hop', 'puerto rican pop', 'reggaeton', 'trap latino', 'tropical']",83.0,01FBBpA6WBl3arX7pxTFwO,Not To Much - Remastered 2016,45,211520,0,11/11/2016,2016,0.752,0.726,1,-4.59,0,0.0564,0.0197,0.0,0.203,0.261,92.004,4
2317,Juan Gabriel,2MRBDr0crHWE5JwPceFncq,5240092.0,"['cancion melodica', 'latin', 'latin pop', 'mariachi', 'ranchera', 'regional mexican']",78.0,01sbqJ86v23bWkNTDdexJZ,Te Propongo Matrimonio,23,172893,0,12/9/1975,1975,0.594,0.492,4,-12.068,1,0.0346,0.563,0.000125,0.0697,0.885,115.252,4
2284,Juan Gabriel,2MRBDr0crHWE5JwPceFncq,5240092.0,"['cancion melodica', 'latin', 'latin pop', 'mariachi', 'ranchera', 'regional mexican']",78.0,01rfSVhVdqAngOWUhmaMnN,Adiós Cariño,21,171747,0,1/26/1978,1978,0.572,0.581,10,-9.683,1,0.0321,0.139,0.000333,0.0933,0.853,115.451,4
1283,Juan Gabriel,2MRBDr0crHWE5JwPceFncq,5240092.0,"['cancion melodica', 'latin', 'latin pop', 'mariachi', 'ranchera', 'regional mexican']",78.0,00zD9aiaLdQcIwSNoWD0pW,Se Me Olvidó Otra Vez,50,175507,0,1/11/1996,1996,0.539,0.294,9,-10.413,1,0.032,0.538,0.0,0.206,0.43,81.433,4
417,Juan Gabriel,2MRBDr0crHWE5JwPceFncq,5240092.0,"['cancion melodica', 'latin', 'latin pop', 'mariachi', 'ranchera', 'regional mexican']",78.0,00ELayJt2o02bMsBr1zxDL,Recuerdos,32,239267,0,1/11/1984,1984,0.817,0.645,2,-10.552,1,0.0343,0.283,0.0,0.0736,0.979,115.17,4
185,Juan Gabriel,2MRBDr0crHWE5JwPceFncq,5240092.0,"['cancion melodica', 'latin', 'latin pop', 'mariachi', 'ranchera', 'regional mexican']",78.0,0082Ng6hSpKGi8Fd4xc09w,Es Mejor - Remasterizado,27,173600,0,7/27/1984,1984,0.883,0.34,5,-14.346,1,0.0531,0.771,0.0,0.0988,0.81,107.353,4
3172,Sonu Nigam,1dVygo6tRFXC8CSWURQJq2,5204081.0,"['desi pop', 'filmi', 'modern bollywood', 'sufi']",72.0,02HnHBWMdMTnb429xywJS8,Kahan Raja Bhoj Kahan Gangu Teli,32,489733,0,6/8/1998,1998,0.528,0.857,5,-9.16,1,0.171,0.375,0.0,0.397,0.634,105.136,4
1016,Sonu Nigam,1dVygo6tRFXC8CSWURQJq2,5204081.0,"['desi pop', 'filmi', 'modern bollywood', 'sufi']",72.0,00slEv0AYGnW85H84XsmGz,Phir Milenge Chalte Chalte,48,394162,0,11/6/2008,2008,0.778,0.737,0,-7.073,1,0.195,0.178,6.83e-06,0.0632,0.9,125.031,4
3073,Sonu Nigam,1dVygo6tRFXC8CSWURQJq2,5204081.0,"['desi pop', 'filmi', 'modern bollywood', 'sufi']",72.0,02euTcoCdu3gvfF6ArEvZU,Sun Zara,44,366760,0,2/4/2005,2005,0.584,0.655,5,-10.764,1,0.0773,0.461,0.0,0.0595,0.816,74.435,4
16,Luan Santana,3qvcCP2J0fWi0m0uQDUf6r,5200845.0,"['funk carioca', 'sertanejo', 'sertanejo pop', 'sertanejo universitario']",73.0,000xYdQfIZ4pDmBGzQalKU,"Eu, Você, O Mar e Ela",53,187119,0,11/4/2016,2016,0.509,0.803,0,-6.743,1,0.04,0.684,0.000539,0.463,0.651,166.018,4
1610,SEVENTEEN,7nqOGRxlXj7N2JYbgNEjYH,5087427.0,"['k-pop', 'k-pop boy group']",76.0,01bnqaE6nQogjdMMrrL1dj,Don't listen in secret,55,237553,0,12/5/2016,2016,0.755,0.522,1,-5.901,1,0.0307,0.264,0.0,0.12,0.29,114.037,3
3080,Alejandro Sanz,5sUrlPAHlS9NEirDB8SEbF,5034748.0,"['cantautor', 'latin', 'latin arena pop', 'latin pop', 'mexican pop', 'rock en espanol', 'spanish pop']",79.0,02f5iKhfXVvCWK641es1sT,Looking for Paradise (feat. Alicia Keys),59,270627,0,11/10/2009,2009,0.571,0.587,0,-6.269,1,0.0505,0.123,0.0,0.0847,0.641,88.945,4
3016,Bob Dylan,74ASZWbe4lXaubB36ztrGX,4982427.0,"['album rock', 'classic rock', 'country rock', 'folk', 'folk rock', 'mellow gold', 'rock', 'roots rock', 'singer-songwriter']",77.0,02Dkg9KisMTISWEBK5AKMk,Slow Train,38,358307,0,8/20/1979,1979,0.599,0.558,2,-9.163,0,0.0526,0.359,1.3e-06,0.217,0.842,164.344,4
347,Bob Dylan,74ASZWbe4lXaubB36ztrGX,4982427.0,"['album rock', 'classic rock', 'country rock', 'folk', 'folk rock', 'mellow gold', 'rock', 'roots rock', 'singer-songwriter']",77.0,00cs7mlkTcIIoWnm8G0U0l,Wigwam,44,188253,0,6/8/1970,1970,0.407,0.47,0,-8.64,1,0.037,0.755,0.0216,0.0976,0.227,138.471,4
2849,Bob Dylan,74ASZWbe4lXaubB36ztrGX,4982427.0,"['album rock', 'classic rock', 'country rock', 'folk', 'folk rock', 'mellow gold', 'rock', 'roots rock', 'singer-songwriter']",77.0,028SHraRh7DmChBfhU4LaD,"It Takes a Lot to Laugh, It Takes a Train to Cry - (Take 8) [Alternate Take]",22,207827,0,1/1/1965,1965,0.388,0.94,1,-7.978,1,0.0788,0.202,0.00299,0.322,0.381,173.055,4
543,Bob Dylan,74ASZWbe4lXaubB36ztrGX,4982427.0,"['album rock', 'classic rock', 'country rock', 'folk', 'folk rock', 'mellow gold', 'rock', 'roots rock', 'singer-songwriter']",77.0,00HJYR05DhEkpawG444zN8,I Forgot to Remember to Forget,17,199267,0,12/28/1967,1967,0.539,0.363,4,-10.818,1,0.0252,0.537,0.167,0.173,0.529,81.113,4
863,Bob Dylan,74ASZWbe4lXaubB36ztrGX,4982427.0,"['album rock', 'classic rock', 'country rock', 'folk', 'folk rock', 'mellow gold', 'rock', 'roots rock', 'singer-songwriter']",77.0,00Oz0cJKKjQfEzwo9Rydau,All over You - Witmark Demo - 1963,18,230800,0,1/4/1963,1963,0.606,0.207,7,-13.242,1,0.057,0.886,0.0,0.204,0.436,114.456,4
1044,Bob Dylan,74ASZWbe4lXaubB36ztrGX,4982427.0,"['album rock', 'classic rock', 'country rock', 'folk', 'folk rock', 'mellow gold', 'rock', 'roots rock', 'singer-songwriter']",77.0,00tanKrs6k2NYcty1CKiVk,Bob Dylan's Dream - Witmark Demo - 1963,15,229547,0,1/4/1963,1963,0.522,0.107,7,-16.29,1,0.0372,0.881,0.0,0.245,0.338,115.975,4
3952,Bob Dylan,74ASZWbe4lXaubB36ztrGX,4982427.0,"['album rock', 'classic rock', 'country rock', 'folk', 'folk rock', 'mellow gold', 'rock', 'roots rock', 'singer-songwriter']",77.0,032kwZ9kg4yIaIPBOOIwlm,I'll Be Your Baby Tonight,46,159360,0,12/27/1967,1967,0.512,0.23,0,-16.412,1,0.0301,0.454,0.000139,0.0508,0.457,127.567,4
2983,Madonna,6tbjWDEIzxoDsBA1FuhfPW,4965982.0,"['dance pop', 'europop', 'pop']",80.0,02cPdommxoqVdx2QeAJRJm,Everybody - Original Version,30,362387,0,7/27/1983,1983,0.921,0.782,9,-4.998,0,0.039,0.0205,0.000894,0.0437,0.616,119.982,4
2470,Madonna,6tbjWDEIzxoDsBA1FuhfPW,4965982.0,"['dance pop', 'europop', 'pop']",80.0,01VFDkHBNJcCNUjzD3flWg,The Power of Good-Bye,58,250560,0,3/3/1998,1998,0.534,0.561,5,-11.089,0,0.0409,0.0442,0.678,0.189,0.219,84.978,4
236,Madonna,6tbjWDEIzxoDsBA1FuhfPW,4965982.0,"['dance pop', 'europop', 'pop']",80.0,00akbmcZrMFuZ15AzIyC5T,Back in Business,27,313360,0,3/22/1990,1990,0.559,0.622,5,-9.947,0,0.0936,0.521,7.13e-05,0.0888,0.424,174.651,4
1076,Madonna,6tbjWDEIzxoDsBA1FuhfPW,4965982.0,"['dance pop', 'europop', 'pop']",80.0,00U0pedRUMEzREpyRqbVT6,I'll Remember (Theme from the Motion Picture With Honors),53,263813,0,11/17/1995,1995,0.691,0.601,7,-9.698,1,0.0428,0.628,0.017,0.0709,0.85,167.796,4
2006,Stevie Wonder,7guDJrEfX3qb6FEbdPA5qi,4919372.0,"['adult standards', 'funk', 'motown', 'quiet storm', 'soul']",80.0,01lewSOj9ZaXplh9TpNKL4,Happy Birthday,61,357027,0,9/29/1980,1980,0.779,0.571,1,-15.327,1,0.0427,0.00511,1.16e-05,0.0532,0.96,116.197,4
3510,Jimi Hendrix,776Uo845nYHJpNaStv1Ds4,4869339.0,"['acid rock', 'album rock', 'blues rock', 'classic rock', 'hard rock', 'psychedelic rock', 'rock']",76.0,02POyqtbrdmYQ3RxsTrYMD,Are You Experienced?,50,255613,0,5/12/1967,1967,0.403,0.763,8,-6.727,1,0.118,0.0277,0.00985,0.148,0.455,82.812,4
498,Bryant Myers,6w9ToX5slZ4uIdmD17hJ3c,4796022.0,"['latin', 'reggaeton', 'reggaeton flow', 'trap latino', 'tropical']",82.0,00GbPd84bEyYS477RSymJW,Tanta Falta,64,181093,0,10/10/2018,2018,0.856,0.728,7,-3.497,1,0.0916,0.135,1e-06,0.2,0.797,89.999,4
138,Charlie Brown Jr.,1on7ZQ2pvgeQF4vmIA09x5,4766540.0,"['brazilian rock', 'hard rock brasileiro', 'rock alternativo brasileiro', 'rock nacional brasileiro']",76.0,006pMMCuRo2TFjh8sNGSov,"Dias De Luta, Dias De Gloria",69,145467,0,1/1/2005,2005,0.346,0.433,3,-10.602,0,0.065,0.888,0.0,0.101,0.768,77.963,3
1560,Destinys Child],1Y8cdNmUJH7yBTd9yOvr5i,4764532.0,"['dance pop', 'girl group', 'hip pop', 'neo soul', 'pop', 'r&b', 'urban contemporary']",75.0,01Aj44KIjCrPmZeXq4UOky,Emotion,59,236400,0,5/1/2001,2001,0.412,0.577,7,-4.944,1,0.119,0.163,0.0,0.0969,0.345,173.675,4
36,Luke Combs,718COspgdWOnwOFpJHRZHS,4755356.0,['contemporary country'],85.0,001UkMQHw4zXfFNdKpwXAF,Brand New Man - with Luke Combs,69,191053,0,4/5/2019,2019,0.573,0.846,7,-4.866,1,0.0344,0.00372,7.87e-05,0.29,0.562,127.061,4
3957,Céline Dion,4S9EykWXhStSc15wEx8QFK,4749361.0,"['canadian pop', 'dance pop']",78.0,032SxmWbj5yWw76DVx7whu,Zora sourit,39,231267,0,8/31/1998,1998,0.724,0.452,0,-9.168,1,0.0294,0.438,3.54e-06,0.377,0.129,115.971,4
3759,Five Finger Death Punch,5t28BP42x2axFnqOOMg3CM,4749326.0,"['alternative metal', 'groove metal', 'nu metal']",79.0,02W7gkxX3cgmddUQeUMwJe,Remember Everything,61,278813,1,10/11/2007,2007,0.374,0.824,1,-4.07,0,0.0397,0.00927,0.0,0.11,0.12,161.976,4
3595,Rahat Fateh Ali Khan,3OLGltG8UPIea8sA4w0yg0,4744217.0,"['classic pakistani pop', 'filmi', 'modern bollywood', 'qawwali', 'sufi']",69.0,02rP4KmzVCtiXAVIMZ3qVX,Nazar Se Nazar Mile,42,300380,0,10/3/2011,2011,0.629,0.823,5,-5.519,0,0.052,0.464,0.0,0.037,0.854,73.95,4
2711,Rahat Fateh Ali Khan,3OLGltG8UPIea8sA4w0yg0,4744217.0,"['classic pakistani pop', 'filmi', 'modern bollywood', 'qawwali', 'sufi']",69.0,0229OUZ9h0tgBo9RkHrWQB,Bichdann,37,330347,0,10/1/2012,2012,0.752,0.64,10,-8.32,1,0.124,0.392,0.000937,0.11,0.46,95.995,4
3834,Jesse & Joy,1mX1TWKpNxDSAH16LgDfiR,4698486.0,"['latin', 'latin arena pop', 'latin pop', 'mexican pop', 'pop']",77.0,02yD6Wmpx5kLAoXLQOnuEb,Me Soltaste,69,229933,0,12/4/2015,2015,0.4,0.398,10,-6.038,0,0.0385,0.786,3.47e-06,0.333,0.16,111.661,4
1017,Frank Sinatra,1Mxqyy3pSjf8kZZL4QVxS0,4677919.0,"['adult standards', 'easy listening', 'lounge']",79.0,00SMAiLWHNKL8CKA5LW3jZ,Where Is The One? - Remastered,23,193240,0,1957-09,1957,0.191,0.146,2,-14.633,1,0.0347,0.915,3.45e-05,0.109,0.124,82.37,4
1444,Frank Sinatra,1Mxqyy3pSjf8kZZL4QVxS0,4677919.0,"['adult standards', 'easy listening', 'lounge']",79.0,015RcRI4HgPEJiJ8RnleXM,I Won't Dance,36,246760,0,12/10/1962,1962,0.652,0.209,5,-13.199,0,0.0327,0.663,0.0,0.126,0.572,111.166,4
3757,Kings of Leon,2qk9voo8llSGYcZ6xrBzKx,4672487.0,"['modern rock', 'rock']",80.0,02W2ayjk7laHdLdXTnOb3X,Radioactive,51,206187,0,10/15/2010,2010,0.408,0.925,5,-4.88,1,0.0533,0.00877,0.000454,0.12,0.361,126.405,4
2207,Kings of Leon,2qk9voo8llSGYcZ6xrBzKx,4672487.0,"['modern rock', 'rock']",80.0,01pxvC4QWx4mwArpt4cYYL,Knocked Up,47,430347,0,4/3/2007,2007,0.382,0.688,9,-12.569,1,0.0419,0.268,0.0928,0.184,0.207,121.352,4
3769,Chayanne,1JbemQ1fPt2YmSLjAFhPBv,4670177.0,"['latin', 'latin pop', 'puerto rican pop', 'tropical']",75.0,02wdwZ0ffTX0AAGYRNqMwF,Choka Choka (feat. Ozuna),53,223416,0,11/10/2017,2017,0.703,0.763,6,-5.038,0,0.0883,0.0122,3.82e-05,0.0935,0.622,173.957,4
297,Johnny Cash,6kACVPfCOnqzgfEF5ryl0x,4615328.0,"['arkansas country', 'outlaw country']",79.0,00Bt802vaNGIkLfdWFzEDU,There You Go,2,141793,0,1958,1958,0.762,0.677,10,-12.595,1,0.0494,0.799,0.00788,0.116,0.96,97.221,4
1792,Johnny Cash,6kACVPfCOnqzgfEF5ryl0x,4615328.0,"['arkansas country', 'outlaw country']",79.0,01gBhafS1Di36NcFC1hsqk,Kentucky Straight,17,126773,0,1/5/1973,1973,0.489,0.253,9,-13.56,1,0.0366,0.88,0.00451,0.177,0.645,83.215,4
2044,Johnny Cash,6kACVPfCOnqzgfEF5ryl0x,4615328.0,"['arkansas country', 'outlaw country']",79.0,01M37DDKxycc07OySd6L0R,Shantytown,23,140253,0,8/1/1967,1967,0.569,0.386,9,-11.351,1,0.039,0.261,6.4e-06,0.109,0.669,152.995,4
1511,Avenged Sevenfold,0nmQIMXWTXfhgOBdNzhGOs,4606565.0,"['alternative metal', 'nu metal']",78.0,018zT8xThRbMH2QeUoMlKQ,Warmness On The Soul,55,259800,0,3/19/2002,2002,0.614,0.636,7,-5.634,1,0.0287,0.38,0.00459,0.1,0.308,117.966,4
1666,Avenged Sevenfold,0nmQIMXWTXfhgOBdNzhGOs,4606565.0,"['alternative metal', 'nu metal']",78.0,01CYr3t0hedD915PmI5l4D,Trashed and Scattered,53,351533,1,6/6/2005,2005,0.327,0.961,5,-3.125,1,0.108,0.00218,0.00013,0.246,0.33,175.241,4
3943,Avenged Sevenfold,0nmQIMXWTXfhgOBdNzhGOs,4606565.0,"['alternative metal', 'nu metal']",78.0,031uTUhyy6xmDJqmeWJBi9,God Hates Us,56,319187,1,7/23/2010,2010,0.453,0.959,0,-6.121,0,0.119,0.000321,0.14,0.132,0.204,139.997,4
86,Gwen Stefani,4yiQZ8tQPux8cPriYMWUFP,4606057.0,"['dance pop', 'hip pop', 'pop', 'post-teen pop', 'urban contemporary']",78.0,0047CfWoMPpXkZlizPQAb2,Rich Girl,27,236213,0,11/23/2004,2004,0.856,0.754,7,-2.728,0,0.0416,0.0294,1.49e-05,0.206,0.722,98.018,4
2919,Dire Straits,0WwSkZ7LtFUFjGjMZBMt6T,4529973.0,"['album rock', 'classic rock', 'mellow gold', 'rock', 'soft rock']",79.0,02azRC7CeBJbFuMJwHYpou,Follow Me Home,29,350533,0,6/15/1979,1979,0.728,0.403,11,-17.788,0,0.0436,0.779,0.657,0.343,0.55,98.964,4
2389,Dire Straits,0WwSkZ7LtFUFjGjMZBMt6T,4529973.0,"['album rock', 'classic rock', 'mellow gold', 'rock', 'soft rock']",79.0,01Txvu3dNthhldq8oR0Pae,Money For Nothing,42,504200,0,1/1/2005,2005,0.646,0.776,7,-6.806,0,0.0367,0.0372,0.000101,0.0591,0.609,134.21,4
1741,Vicente Fernández,4PPoI9LuYeFX8V674Z1R6l,4523390.0,"['mariachi', 'ranchera']",77.0,01EW9CJtFpZ8RpzawaTJzn,La Tragedia Del Vaquero,44,226547,0,11/14/2006,2006,0.573,0.457,7,-3.499,1,0.0332,0.823,2.18e-06,0.108,0.576,125.189,4
136,Vicente Fernández,4PPoI9LuYeFX8V674Z1R6l,4523390.0,"['mariachi', 'ranchera']",77.0,006OUqpZICb53Pc3JZCykt,Camino De Canutillo,19,186921,0,2/7/1972,1972,0.397,0.395,2,-5.76,1,0.0434,0.286,0.0,0.331,0.704,175.112,3
3760,Vicente Fernández,4PPoI9LuYeFX8V674Z1R6l,4523390.0,"['mariachi', 'ranchera']",77.0,02W7noV2tXER7vHh26JEme,Mi Vejez,35,197800,0,1993,1993,0.437,0.372,0,-7.374,1,0.0384,0.164,0.0,0.35,0.565,131.405,5
268,Noriel,3RtNN1VnooWEn3KQk03DUL,4456033.0,"['latin', 'latin hip hop', 'reggaeton', 'reggaeton flow', 'trap latino', 'tropical']",77.0,00bCuOWVyCGNFmBrTCWzPh,El Gatito de Mi Ex - Remix,51,477200,1,11/4/2017,2017,0.755,0.644,1,-5.741,1,0.302,0.144,0.0,0.348,0.838,169.954,4
1808,Three Days Grace,2xiIXseIJcq3nG7C8fHeBj,4426078.0,"['alternative metal', 'canadian metal', 'canadian rock', 'nu metal', 'post-grunge']",78.0,01gmC4H8ZXzuMGq3h7BVk5,Running Away,40,240907,0,6/13/2006,2006,0.49,0.64,4,-4.676,0,0.0305,0.00385,0.0,0.207,0.197,144.007,4
729,Scorpions,27T030eWyCQRmDyuvr1kxY,4366207.0,"['album rock', 'german hard rock', 'german metal', 'german rock', 'hard rock', 'metal', 'rock']",76.0,00LQrrlaoPrNwOXBvu1W8W,Coming Home,37,299467,0,3/27/1984,1984,0.284,0.829,9,-13.27,1,0.0738,0.00117,0.0115,0.077,0.0618,110.495,4
67,Carlos Vives,4vhNDa5ycK0ST968ek7kRr,4349020.0,"['champeta', 'colombian pop', 'latin', 'latin pop', 'tropical', 'vallenato']",76.0,003fzMu2jBvZqXNPMYNYox,Momentos de Amor,32,213107,0,9/29/2009,2009,0.567,0.603,7,-8.223,1,0.044,0.317,3.7e-05,0.13,0.681,159.934,4
496,Carlos Vives,4vhNDa5ycK0ST968ek7kRr,4349020.0,"['champeta', 'colombian pop', 'latin', 'latin pop', 'tropical', 'vallenato']",76.0,00gAVWgRJy92PCAHFzVu83,Pa' Mayte,60,188720,0,7/25/1995,1995,0.716,0.872,0,-7.336,0,0.0605,0.0287,6.28e-06,0.117,0.967,123.852,4
2583,The Pussycat Dolls,6wPhSqRtPu1UhRCDX5yaDJ,4223696.0,"['dance pop', 'girl group', 'pop', 'pop rap', 'post-teen pop', 'urban contemporary']",74.0,01xXQbDsWMJVBKOoKWXE8h,Sway,53,190960,0,1/1/2005,2005,0.702,0.728,7,-5.822,0,0.0354,0.559,0.0,0.112,0.853,125.991,4
2201,Creedence Clearwater Revival,3IYUhFvPQItj6xySrBmZkd,4202342.0,"['album rock', 'classic rock', 'country rock', 'rock', 'roots rock', 'southern rock', 'swamp rock']",81.0,01PnRJeFSeOgIpBuv1kQKd,Commotion,53,164293,0,8/3/1969,1969,0.71,0.665,2,-7.632,1,0.0277,0.053,0.0207,0.177,0.796,127.472,4
3939,Creedence Clearwater Revival,3IYUhFvPQItj6xySrBmZkd,4202342.0,"['album rock', 'classic rock', 'country rock', 'rock', 'roots rock', 'southern rock', 'swamp rock']",81.0,031rVKYjBhsaVM8o1i1vK0,Proud Mary,50,188667,0,1/1/1976,1976,0.689,0.558,9,-10.051,0,0.0309,0.0337,0.000613,0.0563,0.607,120.691,4
3435,Creedence Clearwater Revival,3IYUhFvPQItj6xySrBmZkd,4202342.0,"['album rock', 'classic rock', 'country rock', 'rock', 'roots rock', 'southern rock', 'swamp rock']",81.0,02Nzhu5olbN8s3Y4TNKGRy,It's Just A Thought,9,230907,0,12/7/1970,1970,0.408,0.452,4,-9.999,1,0.0362,0.211,0.718,0.0608,0.233,187.417,4
2266,Creedence Clearwater Revival,3IYUhFvPQItj6xySrBmZkd,4202342.0,"['album rock', 'classic rock', 'country rock', 'rock', 'roots rock', 'southern rock', 'swamp rock']",81.0,01QwobyKNu7WRCVuTQbRDN,Hello Mary Lou,55,132867,0,4/11/1972,1972,0.648,0.54,9,-12.563,1,0.0326,0.0355,4.12e-06,0.0386,0.963,103.454,4
2601,Creedence Clearwater Revival,3IYUhFvPQItj6xySrBmZkd,4202342.0,"['album rock', 'classic rock', 'country rock', 'rock', 'roots rock', 'southern rock', 'swamp rock']",81.0,01yeCqBol6a2pKYDG36Ahw,Bootleg - Alternate Take,28,346200,0,1/5/1969,1969,0.703,0.657,1,-7.949,1,0.0553,0.134,0.000688,0.114,0.558,146.783,4
2628,Eric Clapton,6PAt558ZEZl0DmdXlnjMgD,4177030.0,"['album rock', 'blues rock', 'classic rock', 'electric blues', 'mellow gold', 'rock', 'soft rock']",77.0,01YvpF3BGxZfxLhyj6UREm,Hideaway - Stereo Instrumental,34,193573,0,6/22/1966,1966,0.334,0.745,9,-4.894,1,0.0474,0.564,0.000364,0.369,0.837,135.317,4
3025,Morat,5C4PDR4LnhZTbVnKWXuDKD,4160248.0,"['colombian pop', 'latin', 'latin pop']",81.0,02dsc9B5N8BFatjGcGhk1u,Al Aire,69,169333,0,11/13/2020,2020,0.459,0.89,8,-3.159,1,0.0582,0.00529,0.0,0.166,0.69,180.088,4
918,Morat,5C4PDR4LnhZTbVnKWXuDKD,4160248.0,"['colombian pop', 'latin', 'latin pop']",81.0,00QBHaaP4KUcjlmxWriMbC,Más De Lo Que Aposté,73,205031,0,7/30/2020,2020,0.621,0.918,1,-3.01,0,0.0552,0.0754,0.0,0.13,0.834,151.988,4
3470,The Offspring,5LfGQac0EIXyAN8aUwmNAQ,4094036.0,"['alternative metal', 'permanent wave', 'punk', 'rock', 'skate punk', 'socal pop punk']",79.0,02OSSgtcwgI0Ldj4SKR3E5,A Thousand Days,31,131333,0,6/15/1989,1989,0.349,0.845,2,-7.151,1,0.121,0.000122,3.54e-05,0.191,0.681,121.984,4
72,Alejandro Fernández,6sq1yF0OZEWA4xoXVKW1L9,4078032.0,"['latin', 'latin arena pop', 'latin pop', 'mariachi', 'mexican pop', 'ranchera', 'regional mexican']",81.0,003IvyvD1M7gdSDK3z5Kfd,Moño Negro,36,143200,0,1996,1996,0.716,0.33,5,-11.764,0,0.0413,0.57,1.79e-05,0.138,0.554,117.835,4
130,La Arrolladora Banda El Limón De Rene Camacho,5bSfBBCxY8QAk4Pifveisz,4068717.0,"['banda', 'corrido', 'ranchera', 'regional mexican']",78.0,006f4XC6oHnIKCYvlI5gbD,Cuánto Me Cuesta,47,182040,0,1/1/2010,2010,0.632,0.44,8,-8.016,1,0.0301,0.679,0.0,0.0745,0.936,142.167,3
1424,La Arrolladora Banda El Limón De Rene Camacho,5bSfBBCxY8QAk4Pifveisz,4068717.0,"['banda', 'corrido', 'ranchera', 'regional mexican']",78.0,0154a2CHxtVwh2rA2D8P10,Soy Yo,43,184280,0,1/20/2009,2009,0.535,0.517,3,-7.054,1,0.0259,0.374,0.0,0.119,0.664,149.972,4
2241,Wolfgang Amadeus Mozart,4NJhFmfw43RLBLjQvxDuRS,4019581.0,"['classical', 'classical era']",79.0,01QJ0UbSTP9Y49R4Q9qiFs,"Mozart: Piano Concerto No. 21 in C Major, K. 467: II. Andante",36,406867,0,1/1/1987,1987,0.11,0.0108,5,-34.892,1,0.0377,0.983,0.944,0.0755,0.0762,66.038,4
2512,Wolfgang Amadeus Mozart,4NJhFmfw43RLBLjQvxDuRS,4019581.0,"['classical', 'classical era']",79.0,01WDSx44KtuvHY8h5aB8ss,"Piano Sonata No.15 in F, K.533/494: 2. Andante, K.533",28,475200,0,1/1/1981,1981,0.404,0.00522,10,-35.084,1,0.0466,0.994,0.923,0.0843,0.115,129.589,3
1901,Wolfgang Amadeus Mozart,4NJhFmfw43RLBLjQvxDuRS,4019581.0,"['classical', 'classical era']",79.0,01Im8PsRRL6vHITDB5pyuv,"Horn Concerto No. 4 in E-Flat Major, K. 495: III. Rondo (Allegro vivace)",37,222667,0,11/11/1987,1987,0.397,0.139,3,-19.473,1,0.0556,0.991,0.899,0.0991,0.532,183.795,4
2056,Wolfgang Amadeus Mozart,4NJhFmfw43RLBLjQvxDuRS,4019581.0,"['classical', 'classical era']",79.0,01MCtsRp8rscOjRZcUlMwC,"Serenade in D, K.250 ""Haffner"": 8. Adagio - Allegro assai",13,467000,0,1/1/1999,1999,0.297,0.114,2,-19.465,1,0.0424,0.955,0.932,0.068,0.301,162.289,3
3877,Wolfgang Amadeus Mozart,4NJhFmfw43RLBLjQvxDuRS,4019581.0,"['classical', 'classical era']",79.0,02Zkq3ZnqcqATwLXqktLas,Venite pur avanti,0,456800,0,1955,1955,0.35,0.347,7,-12.588,1,0.0557,0.914,0.000189,0.136,0.384,85.03,3
2176,Wolfgang Amadeus Mozart,4NJhFmfw43RLBLjQvxDuRS,4019581.0,"['classical', 'classical era']",79.0,01p2YqJ0KeDEyRGiwO6rli,"Don Giovanni, ossia Il dissoluto punito, K.527 - Prague Version 1787 - Act 2: ""Non mi dir, bell'idol mio"" - ""Ah si segua il suo passo""",0,313867,0,1955,1955,0.199,0.137,5,-18.695,1,0.042,0.968,0.00278,0.398,0.0703,82.298,4
1983,Wolfgang Amadeus Mozart,4NJhFmfw43RLBLjQvxDuRS,4019581.0,"['classical', 'classical era']",79.0,01KmuCiXyLX4G0YxVCeHDq,"Mozart: Piano Sonata No. 11 in A Major, K. 331, ""Alla Turca"": III. Rondo alla turca",46,217227,0,10/13/1995,1995,0.484,0.146,9,-19.951,1,0.0394,0.991,0.96,0.0855,0.55,127.556,4
3003,Wolfgang Amadeus Mozart,4NJhFmfw43RLBLjQvxDuRS,4019581.0,"['classical', 'classical era']",79.0,02d84TYAIl7M1Xpj4JdciU,"Mozart: Piano Concerto No. 21 in C Major, K. 467: II. Andante",16,460440,0,1959,1959,0.227,0.0326,5,-25.697,1,0.0358,0.981,0.956,0.0942,0.0598,81.58,1
2329,Wolfgang Amadeus Mozart,4NJhFmfw43RLBLjQvxDuRS,4019581.0,"['classical', 'classical era']",79.0,01SlhC06ckwbiOnfQPeoO2,"Piano Sonata No. 15 in F Major, K. 533/494: 3. Rondo. Allegretto",12,366293,0,10/12/1984,1984,0.311,0.0708,5,-26.323,1,0.0435,0.994,0.924,0.0958,0.423,151.267,4
3991,Wolfgang Amadeus Mozart,4NJhFmfw43RLBLjQvxDuRS,4019581.0,"['classical', 'classical era']",79.0,034HtC3E3ul4t7zuP0uKX1,"Mentre ti lascio, K. 513: ""Mentre ti lascio, o figlia""",0,431453,0,1948,1948,0.316,0.115,3,-17.922,1,0.0399,0.973,0.00015,0.179,0.253,95.342,4
3135,Wolfgang Amadeus Mozart,4NJhFmfw43RLBLjQvxDuRS,4019581.0,"['classical', 'classical era']",79.0,02gRLjSyPVMLdeKVVyVWAk,"Die Zauberflöte, K.620 / Act 1: ""Schnelle Füße, rascher Mut""",1,193493,0,1/1/1956,1956,0.44,0.176,7,-18.4,1,0.0621,0.919,0.0048,0.31,0.292,91.467,4
3942,Wolfgang Amadeus Mozart,4NJhFmfw43RLBLjQvxDuRS,4019581.0,"['classical', 'classical era']",79.0,031uHozSsdao9BBNZU2auu,"Piano Sonata No. 12 in F Major, K. 332 (300k): II. Adagio",31,256000,0,5/1/1996,1996,0.296,0.0257,10,-31.008,1,0.0457,0.995,0.862,0.0925,0.284,168.223,4
2446,The Who,67ea9eGLXYMsO2eYQRui3w,3907800.0,"['album rock', 'art rock', 'blues rock', 'british invasion', 'classic rock', 'folk rock', 'hard rock', 'mellow gold', 'rock', 'roots rock']",74.0,01uZOrSmq1Kdco9DTj0ttc,I Can't Reach You - Mono Version,13,207000,0,12/15/1967,1967,0.505,0.746,0,-8.56,1,0.0524,0.00115,0.000447,0.137,0.486,134.475,4
1443,The Who,67ea9eGLXYMsO2eYQRui3w,3907800.0,"['album rock', 'art rock', 'blues rock', 'british invasion', 'classic rock', 'folk rock', 'hard rock', 'mellow gold', 'rock', 'roots rock']",74.0,015rBgWP0QJrLfWUphJp1S,The Real Me,28,208546,0,10/5/1979,1979,0.489,0.931,10,-6.888,0,0.152,0.00626,0.0149,0.227,0.548,148.746,4
1196,PNL,3NH8t45zOTqzlZgBvZRjvB,3848727.0,"['french hip hop', 'pop urbaine']",76.0,00X2yv2vrtritPt2CZnUTZ,Bené,63,190067,0,9/16/2016,2016,0.784,0.7,7,-7.649,0,0.108,0.491,0.0,0.108,0.769,82.028,4
2143,Ludwig van Beethoven,2wOqMjp9TyABvtHdOSOTUS,3823575.0,"['classical', 'classical era', 'early romantic era', 'german romanticism']",76.0,01OH4StdwqYiChv1A3tJQC,"Sonata No. 1 in D, Op. 12: Tema: Andante con moto",0,65202,0,1950,1950,0.421,0.0335,9,-24.498,1,0.044,0.983,0.675,0.195,0.37,123.065,4
2747,Ludwig van Beethoven,2wOqMjp9TyABvtHdOSOTUS,3823575.0,"['classical', 'classical era', 'early romantic era', 'german romanticism']",76.0,023NpfwTs9ET0hISGjT8l5,"Sonata No. 5, Op. 24 ""Spring"" in F: Scherzo: Allegro molto",0,23573,0,1948,1948,0.67,0.147,5,-17.822,1,0.0685,0.976,0.901,0.0938,0.959,141.873,1
2314,Ludwig van Beethoven,2wOqMjp9TyABvtHdOSOTUS,3823575.0,"['classical', 'classical era', 'early romantic era', 'german romanticism']",76.0,01s8nBNejgLoqmEqeYU8GZ,"Piano Sonata No. 8 in C Minor, Op. 13 ""Pathétique"": 3. Rondo. Allegro - Live",0,257400,0,1955,1955,0.355,0.232,0,-18.978,0,0.0346,0.992,0.893,0.75,0.29,104.943,3
243,Ludwig van Beethoven,2wOqMjp9TyABvtHdOSOTUS,3823575.0,"['classical', 'classical era', 'early romantic era', 'german romanticism']",76.0,00ApCztgZjlYKAEMmvLf9S,"Symphony No. 8 in F Major, Op. 93: 4. Allegro vivace",15,426640,0,1/1/1963,1963,0.355,0.31,5,-16.749,1,0.0446,0.93,0.875,0.15,0.297,70.742,4
1276,Ludwig van Beethoven,2wOqMjp9TyABvtHdOSOTUS,3823575.0,"['classical', 'classical era', 'early romantic era', 'german romanticism']",76.0,00yYXbhTp3OxFVyitVc68f,"Piano Sonata No. 23 in F Minor, Op. 57 ""Appassionata"": I. Allegro assai",37,576067,0,3/7/1988,1988,0.24,0.103,5,-23.251,0,0.0453,0.987,0.92,0.0763,0.0509,174.645,3
635,Ludwig van Beethoven,2wOqMjp9TyABvtHdOSOTUS,3823575.0,"['classical', 'classical era', 'early romantic era', 'german romanticism']",76.0,00jrUA3PWiKaMpWJvX3qaD,"Violin Sonata No. 7, Op. 30 No. 2: II. Adagio cantabile",0,545107,0,1950,1950,0.351,0.0944,8,-17.481,1,0.0413,0.96,0.0339,0.083,0.237,107.86,4
2027,Ludwig van Beethoven,2wOqMjp9TyABvtHdOSOTUS,3823575.0,"['classical', 'classical era', 'early romantic era', 'german romanticism']",76.0,01lpZ43A5RputBxXtg41VT,"Symphony No. 4 in B-Flat Major, Op. 60: I. Adagio - Allegro vivace",0,729333,0,1952,1952,0.315,0.11,5,-15.014,1,0.0403,0.826,0.645,0.145,0.129,138.921,4
2293,Ludwig van Beethoven,2wOqMjp9TyABvtHdOSOTUS,3823575.0,"['classical', 'classical era', 'early romantic era', 'german romanticism']",76.0,01RrH6UtGF8csGu5ER2igr,"Piano Concerto No. 3 in C Minor, Op. 37: I. Allegro con brio",0,970400,0,1942,1942,0.257,0.112,0,-17.136,0,0.0393,0.977,0.573,0.138,0.0754,75.072,4
1470,Ludwig van Beethoven,2wOqMjp9TyABvtHdOSOTUS,3823575.0,"['classical', 'classical era', 'early romantic era', 'german romanticism']",76.0,016SVtBX2Ji4Y8FY8Z9Vn8,"Symphony No. 6 in F Major, Op. 68 ""Pastorale"": IV. Gewitter, Sturm. Allegro",0,211160,0,1952,1952,0.202,0.298,5,-14.908,0,0.0488,0.78,0.843,0.543,0.13,87.189,4
2364,Deep Purple,568ZhdwyaiCyOGJRtNYhWf,3821798.0,"['album rock', 'blues rock', 'classic rock', 'hard rock', 'metal', 'psychedelic rock', 'rock']",72.0,01tFpbYAKvX1x1msvTstC7,Smoke on the Water (45 Version),38,231307,0,1/1/1973,1973,0.682,0.45,0,-15.978,1,0.0321,0.27,0.213,0.183,0.829,114.123,4
2906,Deep Purple,568ZhdwyaiCyOGJRtNYhWf,3821798.0,"['album rock', 'blues rock', 'classic rock', 'hard rock', 'metal', 'psychedelic rock', 'rock']",72.0,02Aoe8p18xnDQImdwP8kSI,"Speed King - Live In Osaka, Japan / 15th August 1972 / 2014 Remaster",25,508581,0,1972,1972,0.449,0.909,7,-6.242,1,0.0852,0.000678,0.264,0.97,0.299,106.463,4
2152,Depeche Mode,762310PdDnwsDxAQxzQkfX,3812693.0,"['dance rock', 'new romantic', 'new wave', 'permanent wave', 'synthpop']",77.0,01OlAFACMxDn0tWSAasnuW,"People Are People - Live at Rose Bowl, Pasadena, CA, 18/6/1988",27,299067,0,3/13/1989,1989,0.674,0.92,0,-10.18,1,0.0537,0.0798,0.021,0.947,0.336,118.821,4
3208,Depeche Mode,762310PdDnwsDxAQxzQkfX,3812693.0,"['dance rock', 'new romantic', 'new wave', 'permanent wave', 'synthpop']",77.0,02IMqsnfmPqqz6G3QxDw4e,Sonata No.14 in C#m (Moonlight Sonata),32,337160,0,9/28/1987,1987,0.448,0.171,1,-18.422,0,0.0438,0.994,0.891,0.0915,0.286,76.232,1
3295,Armin van Buuren,0SfsnGyD8FpIN4U4WCkBZ5,3799329.0,"['dutch trance', 'edm', 'pop dance', 'progressive house', 'trance']",79.0,02KoPajd6lpRS0tmdJJluL,A State Of Trance (ASOT 996) - Tune Of The Year Top 10,11,31400,0,12/24/2020,2020,0.591,0.625,0,-7.557,1,0.308,0.0689,0.0,0.672,0.625,107.444,3
3979,Armin van Buuren,0SfsnGyD8FpIN4U4WCkBZ5,3799329.0,"['dutch trance', 'edm', 'pop dance', 'progressive house', 'trance']",79.0,0341z1ljRBhAtFSbF1fPlI,A State Of Trance [ASOT 332] - Intro,7,232625,0,12/27/2007,2007,0.252,0.522,5,-11.131,1,0.0615,0.0358,6.35e-06,0.508,0.0566,119.494,4
1223,Armin van Buuren,0SfsnGyD8FpIN4U4WCkBZ5,3799329.0,"['dutch trance', 'edm', 'pop dance', 'progressive house', 'trance']",79.0,00XNZPe4E01aJaWpRtJs77,"A State Of Trance (ASOT 844) - ASOT Year Mix 2017 Out Now Announcement, Pt. 3",0,57512,0,12/14/2017,2017,0.574,0.809,7,-6.874,1,0.269,0.253,0.0,0.259,0.511,134.441,5
1182,Backstreet Boys,5rSXSAkZ67PYJSvpUpkOr7,3795212.0,"['boy band', 'dance pop']",79.0,00WvmRXTkPBZNhhRK3xfdy,As Long as You Love Me,62,214333,0,1996,1996,0.775,0.816,0,-5.534,1,0.0281,0.164,0.0,0.126,0.753,98.219,4
2132,Marco Antonio Solís,3tJnB0s6c3oXPq1SCCavnd,3779300.0,"['grupera', 'latin', 'latin pop', 'ranchera', 'regional mexican']",77.0,01O8OxaMzvNggLibrZ51ne,Me Vas A Hacer Llorar,47,201120,0,1/1/1997,1997,0.873,0.651,9,-10.555,1,0.0296,0.148,6.14e-05,0.154,0.923,101.836,4
1944,Ty Dolla $ign,7c0XG5cIJTrrAgEC3ULPiq,3750804.0,"['pop', 'pop rap', 'r&b', 'southern hip hop', 'trap', 'trap soul']",88.0,01JPQ87UHeGysPVwTqMJHK,She Don't (feat. Ty Dolla $Ign),70,264098,1,2/15/2016,2016,0.649,0.478,7,-7.503,0,0.0481,0.274,0.0,0.176,0.151,99.967,4
1865,Ezhel,6LnJKrtFnTEGdbWQ2riWCL,3675799.0,"['turkish hip hop', 'turkish trap']",76.0,01HLSuGICosUj44AuIYT0L,Elimde Yalanlarla,49,277571,0,7/24/2015,2015,0.699,0.855,1,-3.902,1,0.212,0.0967,5.17e-05,0.133,0.796,179.979,4
750,December Avenue,4qFxP3qN9GsnZDOkAE6x2m,3637465.0,"['opm', 'pinoy pop punk']",66.0,00mBzIWv5gHOYxwuEJXjOG,Sa Ngalan Ng Pag-Ibig,66,285138,0,4/29/2017,2017,0.518,0.762,7,-3.907,1,0.0305,0.0851,0.0,0.148,0.271,155.985,4
1286,José José,4mN0qcMxWX8oToqfDPM5yV,3609847.0,"['bolero', 'cancion melodica', 'latin pop', 'ranchera']",77.0,00ZFpMiNcSrmpjuISYYNOP,Pero Me Hiciste Tuyo,41,252560,0,1981,1981,0.349,0.458,0,-9.183,1,0.0277,0.639,1.44e-05,0.172,0.328,95.568,3
1769,José José,4mN0qcMxWX8oToqfDPM5yV,3609847.0,"['bolero', 'cancion melodica', 'latin pop', 'ranchera']",77.0,01fLdFso5zcG3NW2IVxENY,Hoy Que Faltas Tú,30,241333,0,8/25/1980,1980,0.298,0.403,5,-11.425,1,0.033,0.674,0.0,0.0951,0.145,139.134,4
1673,Niska,7CUFPNi1TU8RowpnFRSsZV,3588635.0,"['francoton', 'french hip hop', 'pop urbaine', 'rap francais']",75.0,01DaiVsT1zqhmzogYEbEN8,Gnonmi avec lait,63,177869,1,3/1/2021,2021,0.676,0.794,11,-6.131,0,0.308,0.114,0.0,0.671,0.698,144.102,4
673,Mon Laferte,4boI7bJtmB1L3b1cuL75Zr,3559655.0,"['latin', 'latin alternative', 'latin pop']",75.0,00kIWJu9IHiQ6i0qJAU0Z9,Amor Completo,66,241880,0,8/21/2015,2015,0.393,0.418,4,-8.976,1,0.0269,0.664,5.46e-05,0.108,0.346,175.548,3
1944,Ella Mai,7HkdQ0gt53LP4zmHsL0nap,3516095.0,"['dance pop', 'pop', 'pop r&b', 'pop rap', 'post-teen pop', 'r&b', 'rap', 'uk contemporary r&b', 'urban contemporary']",75.0,01JPQ87UHeGysPVwTqMJHK,She Don't (feat. Ty Dolla $Ign),70,264098,1,2/15/2016,2016,0.649,0.478,7,-7.503,0,0.0481,0.274,0.0,0.176,0.151,99.967,4
1343,Journey,0rvjqX7ttXeg3mTy8Xscbt,3509186.0,"['album rock', 'classic rock', 'hard rock', 'mellow gold', 'rock', 'soft rock']",77.0,011NbBT3Ctx9dkv8LTpQtA,Raised on Radio,40,229453,0,4/21/1986,1986,0.353,0.989,7,-2.782,1,0.265,0.0115,4.6e-05,0.111,0.0908,158.001,4
3412,Bruno & Marrone,5JXhkyafynxCvxtov7C1PV,3425756.0,"['sertanejo', 'sertanejo pop', 'sertanejo universitario']",81.0,02ngH4GufTfbE16K0LN1QV,Isso Cê Num Conta - Ao Vivo,55,160500,0,11/11/2016,2016,0.621,0.926,0,-4.095,1,0.159,0.503,0.0,0.909,0.803,149.889,4
2431,Hardwell,6BrvowZBreEkXzJQMpL174,3411261.0,"['big room', 'dance pop', 'dutch house', 'edm', 'electro house', 'pop dance', 'progressive electro house', 'progressive house', 'tropical house']",71.0,01uniVCAzIluJkDvdsbnKv,Call Me a Spaceman - Radio Edit,41,189375,0,2012,2012,0.581,0.877,3,-3.595,0,0.0486,0.0172,0.0,0.248,0.35,127.952,4
2950,Udit Narayan,70B80Lwx2sxti0M1Ng9e8K,3409497.0,"['chutney', 'classic bollywood', 'desi pop', 'filmi', 'sufi']",72.0,02bs4xUcI9ZtAA80P5k2FW,Duniya Haseenon Ka Mela,37,393000,0,7/4/1997,1997,0.666,0.817,7,-8.476,0,0.0359,0.452,0.00195,0.0852,0.883,107.98,4
1624,Udit Narayan,70B80Lwx2sxti0M1Ng9e8K,3409497.0,"['chutney', 'classic bollywood', 'desi pop', 'filmi', 'sufi']",72.0,01bXxpjsD4ARa6ZOP8dmLY,Pardesi Pardesi,47,448333,0,11/15/1996,1996,0.507,0.794,1,-11.153,1,0.0429,0.51,0.000234,0.344,0.932,91.798,4
2490,Udit Narayan,70B80Lwx2sxti0M1Ng9e8K,3409497.0,"['chutney', 'classic bollywood', 'desi pop', 'filmi', 'sufi']",72.0,01vTEFngxY8niyU9YDUsuc,Sunta Hai Mera Khuda,31,396240,0,11/29/1999,1999,0.592,0.575,8,-13.855,1,0.0591,0.0916,2.31e-05,0.057,0.837,155.969,4
2796,Udit Narayan,70B80Lwx2sxti0M1Ng9e8K,3409497.0,"['chutney', 'classic bollywood', 'desi pop', 'filmi', 'sufi']",72.0,025Y9d4a1rtJcfB8XInzRc,Deewana Main Chala,35,330347,0,3/10/1998,1998,0.663,0.804,2,-6.98,1,0.0356,0.282,0.000299,0.224,0.943,108.074,4
1413,Udit Narayan,70B80Lwx2sxti0M1Ng9e8K,3409497.0,"['chutney', 'classic bollywood', 'desi pop', 'filmi', 'sufi']",72.0,014qMHBMWSV5sgHJCIuLmJ,Tere Naam (Sad),41,125200,0,6/28/2003,2003,0.319,0.513,11,-11.528,1,0.0519,0.808,1.36e-05,0.114,0.272,69.678,4
3460,Udit Narayan,70B80Lwx2sxti0M1Ng9e8K,3409497.0,"['chutney', 'classic bollywood', 'desi pop', 'filmi', 'sufi']",72.0,02oMjz1ueanHvDGB6EZQsE,Pehle Kabhi Na Mera Haal,39,279520,0,8/23/2003,2003,0.582,0.723,9,-7.183,0,0.113,0.135,5.94e-06,0.323,0.749,98.052,4
3406,Udit Narayan,70B80Lwx2sxti0M1Ng9e8K,3409497.0,"['chutney', 'classic bollywood', 'desi pop', 'filmi', 'sufi']",72.0,02nbJMpnovYSXre1J1SfRm,Itna Main Chaahoon - Duet Version,36,321000,0,2/1/2002,2002,0.389,0.701,2,-9.935,0,0.0728,0.634,0.0,0.0987,0.6,81.157,4
868,Billy Joel,6zFYqv1mOsgBRQbae3JJ9e,3403694.0,"['classic rock', 'folk rock', 'mellow gold', 'piano rock', 'rock', 'singer-songwriter', 'soft rock']",80.0,00p615Q4EFYMIAr055wqRu,All About Soul,47,361307,0,8/10/1993,1993,0.555,0.86,2,-5.965,0,0.038,0.0386,0.0,0.325,0.468,108.594,4
3282,Billy Joel,6zFYqv1mOsgBRQbae3JJ9e,3403694.0,"['classic rock', 'folk rock', 'mellow gold', 'piano rock', 'rock', 'singer-songwriter', 'soft rock']",80.0,02kFRXNKBwIFLaBXfNySdk,Uptown Girl,32,195333,0,6/29/1985,1985,0.708,0.924,4,-4.264,1,0.0404,0.0814,0.0,0.669,0.834,128.909,4
821,Official HIGE DANdism,5Vo1hnCRmCM6M4thZCInCj,3399308.0,"['anime rock', 'j-pop']",75.0,00Nw7w9YQQmJLOmG4ZEGYH,parade,47,280320,0,4/22/2015,2015,0.428,0.667,4,-4.0,1,0.0397,0.199,0.0,0.227,0.804,204.162,4
2787,Zoé,6IdtcAwaNVAggwd6sCKgTI,3376388.0,"['latin alternative', 'latin rock', 'mexican rock', 'morelos indie', 'rock en espanol']",75.0,025ocYl9BtoWxIBP9uxrZ2,Sombras - Live,55,252262,0,1/1/2011,2011,0.505,0.561,0,-10.0,1,0.0462,0.367,0.00276,0.974,0.0555,146.942,4
2384,will.i.am,085pc2PYOi8bGKj0PNjekA,3372700.0,"['dance pop', 'pop', 'pop rap', 'post-teen pop']",78.0,01TuObJVd7owWchVRuQbQw,#thatPOWER,70,279507,0,1/1/2013,2013,0.797,0.608,6,-6.096,0,0.0584,0.00112,7.66e-05,0.0748,0.402,127.999,4
1664,Simon & Garfunkel,70cRZdQywnSFp9pnc2WTCE,3354252.0,"['classic rock', 'folk', 'folk rock', 'melancholia', 'mellow gold', 'rock']",76.0,01CunmrRdM33szwPd3PYtm,The Sound of Silence - Electric Version,36,185440,0,1/21/1968,1968,0.435,0.456,6,-10.305,1,0.0279,0.136,1.62e-06,0.124,0.529,107.529,4
3699,Lynyrd Skynyrd,4MVyzYMgTwdP7Z49wAZHx0,3341159.0,"['album rock', 'blues rock', 'classic rock', 'country rock', 'hard rock', 'mellow gold', 'rock', 'soft rock', 'southern rock']",76.0,02UFwtmJ0ogLQWMx43Okuh,Gimme Back My Bullets,55,209800,0,1976,1976,0.428,0.682,1,-10.862,1,0.0441,0.313,1.34e-05,0.116,0.961,168.58,4
1230,Ahmet Kaya,1Y2FwScblyMxpLTrNdfwyU,3340685.0,['turkish folk'],68.0,00xUeR3Z8bpu9qMSXRMxN1,Beni Tarihle Yargıla,44,431560,0,8/1/1988,1988,0.52,0.549,0,-13.474,0,0.0343,0.725,0.00335,0.644,0.703,121.372,4
2330,Dalex,0KPX4Ucy9dk82uj4GpKesn,3338975.0,"['latin', 'r&b en espanol', 'reggaeton', 'trap latino']",84.0,01SMtfSbJlcxUdJvOofMOx,Jockey,72,221547,1,10/23/2020,2020,0.598,0.556,7,-4.299,1,0.142,0.0979,0.000933,0.131,0.552,170.057,4
3108,James Bay,4EzkuveR9pLvDVFNx6foYD,3323655.0,"['modern rock', 'neo mellow', 'pop', 'pop rock']",77.0,02fZLz9BmmOKb5wkueM9D4,If You Ever Want To Be In Love,55,238973,0,3/20/2015,2015,0.683,0.837,0,-5.46,1,0.0307,0.0276,2.98e-05,0.0627,0.565,115.933,4
209,Megadeth,1Yox196W7bzVNZI7RBaPnf,3280542.0,"['album rock', 'alternative metal', 'hard rock', 'melodic thrash', 'metal', 'old school thrash', 'rock', 'speed metal', 'thrash metal']",72.0,009aJqwtazpcpmOW3YbwDx,Devils Island - Remastered,46,305200,0,1986,1986,0.232,0.963,8,-4.236,0,0.313,0.000177,0.0049,0.176,0.361,170.943,4
2956,Thalia,23wEWD21D4TPYiJugoXmYb,3270257.0,"['dance pop', 'latin', 'latin pop', 'mexican pop']",74.0,02bzLoxgNc4j0voIUPROxR,Amar Sin Ser Amada,46,212933,0,1/1/2005,2005,0.78,0.909,2,-3.307,1,0.0645,0.157,0.0,0.323,0.797,120.026,4
971,The Smashing Pumpkins,40Yq4vzPs9VNUrIBG5Jr2i,3264309.0,"['alternative metal', 'alternative rock', 'grunge', 'permanent wave', 'pop rock', 'rock']",75.0,00rfH5P91gEB16psDtn5WW,Perfect,40,202933,0,1/1/2001,2001,0.63,0.895,7,-6.975,1,0.0449,0.00833,0.835,0.0758,0.664,114.298,4
